candidate,policy,phase,n,APS_RFS,APS_interaction,APS_starvation,APS_crowding,APS,AHS_RFS,AHS_interaction,AHS_starvation,AHS_crowding,AHS,hareBirths,harePredation,hareStarvation,hareCrowding,hareFinal,hareAdded,foxBirths,foxStarvation,foxFinal
D5-S25,none,0,100,-0.2734446963,0.5676324323,-0.986411771122,0.0,-0.6922240334,0.029671188826,0.4142855982,-0.4963389464,0.0,-0.0523821591784,218.32,113.56,132.69,0,2.07,0,27.66,20.76,21.9
D5-S25,none,1,100,0.395709943156,0.6412332322,-0.146071385,0,0.8908717923,0.0044846176426,0.353425447,-0.012033775000000003,0,0.3458762892,43.53,10.36,8.62,0,54.55,0,2.18,0.22,16.96
D5-S25,none,2,100,0.45233470259,0.5667077848,-0.2223006062,0,0.79674188884,0.0091471544226,0.4323657476,-0.1182944286,0,0.3232184714,79.23,24.91,24.27,0,84.6,0,4.16,2.5,18.62
D5-S25,none,3,100,-0.03782345518,0.5452617499,-0.411816851,0,0.09562144037,0.0233020947062,0.453862469,-0.057510819600000006,0,0.41965373936,58.58,28.71,47.06,0,67.41,0,5.76,1.38,23
D5-S25,none,4,100,-0.15927007655,0.5423385374,-0.61505491345,0.0,-0.2319864504937,0.019737017863,0.4504433695,-0.0858583365,0,0.38432205095,25.62,28.73,36.51,0,27.79,0,7.16,2.93,27.23
D5-S25,none,5,97,-0.09904679316494845,0.5778345560824742,-0.6401436303092783,0.0,-0.16135586943814434,0.004721267534020619,0.4058855494845361,-0.20636142237113403,0,0.2042453947216495,9.268041237113403,16.15463917525773,13.43298969072165,0,8.329896907216495,0,6.546391752577319,6.979381443298969,26.329896907216494
D5-S25,none,6,69,-0.01629830502173913,0.6536930207246376,-0.49913931820289853,0.0,0.13825540120289856,-0.009385895530434783,0.3343652497101449,-0.40580105182608694,0.0,-0.08082170154492754,3.4347826086956523,7.507246376811594,4.63768115942029,0,3,0,2.971014492753623,10.08695652173913,17.434782608695652
D5-S25,late-five,0,100,-0.28808271998,0.5670428805,-0.971654368751,0.0,-0.6926942112,0.027056114973,0.4150328,-0.52240724846,0.0,-0.08031833253,219.38,115.91,133.16,0,3.76,3.45,28.3,22.25,21.05
D5-S25,late-five,1,100,0.395709943156,0.6412332322,-0.146071385,0,0.8908717923,0.0044846176426,0.353425447,-0.012033775000000003,0,0.3458762892,43.53,10.36,8.62,0,54.55,0,2.18,0.22,16.96
D5-S25,late-five,2,100,0.45233470259,0.5667077848,-0.2223006062,0,0.79674188884,0.0091471544226,0.4323657476,-0.1182944286,0,0.3232184714,79.23,24.91,24.27,0,84.6,0,4.16,2.5,18.62
D5-S25,late-five,3,100,-0.03782345518,0.5452617499,-0.411816851,0,0.09562144037,0.0233020947062,0.453862469,-0.057510819600000006,0,0.41965373936,58.58,28.71,47.06,0,67.41,0,5.76,1.38,23
D5-S25,late-five,4,100,-0.15927007655,0.5423385374,-0.61505491345,0.0,-0.2319864504937,0.019737017863,0.4504433695,-0.0858583365,0,0.38432205095,25.62,28.73,36.51,0,27.79,0,7.16,2.93,27.23
D5-S25,late-five,5,97,-0.09904679316494845,0.5778345560824742,-0.6401436303092783,0.0,-0.16135586943814434,0.004721267534020619,0.4058855494845361,-0.20636142237113403,0,0.2042453947216495,9.268041237113403,16.15463917525773,13.43298969072165,0,8.329896907216495,0,6.546391752577319,6.979381443298969,26.329896907216494
D5-S25,late-five,6,69,-0.013896778130434783,0.614609462173913,-0.4675075888405797,0.0,0.13320509147246376,-0.010376586884057971,0.3719417751304348,-0.47188234753623187,0.0,-0.1103171612942029,4.971014492753623,10.91304347826087,5.318840579710145,0,5.449275362318841,0,3.898550724637681,12.246376811594203,16.202898550724637
D5-S25,restore-toward-start,0,100,-0.30738740165,0.5677881728,-0.973811321839,0.0,-0.71341055143,0.025823406065000002,0.4147120066,-0.53677985543,0,-0.096244438815,221.34,117.2,136.01,0,4.49,6.36,28.93,23.25,20.68
D5-S25,restore-toward-start,1,100,0.395709943156,0.6412332322,-0.146071385,0,0.8908717923,0.0044846176426,0.353425447,-0.012033775000000003,0,0.3458762892,43.53,10.36,8.62,0,54.55,0,2.18,0.22,16.96
D5-S25,restore-toward-start,2,100,0.47477237388,0.569564372,-0.2217544188,0,0.82258233224,0.0091209904206,0.429392475,-0.1205991008,0,0.31791436204,80.32,24.83,24.46,0,85.74,0,4.14,2.54,18.56
D5-S25,restore-toward-start,3,100,-0.03450890602,0.5451107501,-0.4196157414,0,0.09098609807,0.0237253977622,0.4543080973,-0.055821063000000004,0,0.42221242734,59.31,28.74,48.29,0,68.04,0,5.81,1.34,23.03
D5-S25,restore-toward-start,4,100,-0.17370050401,0.5389248953,-0.62577818931,0.0,-0.2605537954637,0.021451524627,0.4540832369,-0.0848432132,0,0.39069154675,25.33,29.14,37.13,0,27.39,0,7.42,2.91,27.54
D5-S25,restore-toward-start,5,96,-0.10010753526041667,0.582559035625,-0.6760288792291667,0.0,-0.19357737894270835,0.005129385541666667,0.40217823458333335,-0.22724474145833334,0,0.18006287580208333,9.197916666666666,18.03125,14.208333333333334,0,8.395833333333334,0,7.0625,8.020833333333334,26.09375
D5-S25,restore-toward-start,6,70,0.005382888115714283,0.6236868732857143,-0.5289930046571428,0.0,0.10007675656571428,-0.01095974773,0.3630379855714286,-0.463467816,0,-0.11138957829714285,5.742857142857143,9.742857142857142,5.5285714285714285,0,6.414285714285715,0,3.7142857142857144,12.2,16.057142857142857
D5-S25,each-five,0,100,-0.401466856,0.5676995306,-0.963437487155,0.0,-0.7972048171,0.023759893273000002,0.4140670228,-0.54678850143,0.0,-0.108961585433,225.94,119.05,152.27,0,6.53,21.91,28.61,23.44,20.17
D5-S25,each-five,1,100,0.395709943156,0.6412332322,-0.146071385,0,0.8908717923,0.0044846176426,0.353425447,-0.012033775000000003,0,0.3458762892,43.53,10.36,8.62,0,54.55,0,2.18,0.22,16.96
D5-S25,each-five,2,100,0.49811797764,0.5702844236,-0.2213010456,0,0.84710135131,0.00803863012,0.4285684061,-0.1214256138,0,0.31518142293,84.29,24.71,26.11,0,92.31,0,4,2.53,18.43
D5-S25,each-five,3,100,-0.058158379430000004,0.5492826797,-0.4384492444,0,0.052675057713000004,0.019932081489,0.4503992091,-0.055739854600000006,0,0.41459143044,57.99,27.98,55.08,0,72.14,0,5.41,1.29,22.55
D5-S25,each-five,4,100,-0.17594122569,0.5405009429,-0.6241381778,0.0,-0.25957846159,0.0219887620127,0.451572882,-0.0824211333,0,0.3911405089,23.69,27.8,43.09,0,29.83,0,7.08,2.78,26.85
D5-S25,each-five,5,97,-0.09276653503092784,0.5764919853608248,-0.6094167391546391,0.0,-0.12569128383505154,0.00630006998556701,0.4079063813402062,-0.21645055463917526,0,0.19775589815670103,10.587628865979381,19.938144329896907,15.309278350515465,0,10.77319587628866,0,6.917525773195877,7.402061855670103,25.95876288659794
D5-S25,each-five,6,81,0.009190990971604935,0.6235938369135803,-0.4785270522962963,0.0,0.15425777467283952,-0.009560819274074074,0.36492871407407407,-0.4500174807530864,0.0,-0.09464958548148149,7.617283950617284,10.938271604938272,5.580246913580247,0,8.061728395061728,0,3.9876543209876543,11.654320987654321,16.901234567901234
C2-S14,none,0,100,-0.06787608527,0.6112936299,-0.931015857877,0.0,-0.38759831091,0.026269685891,0.3821710008,-0.3747503176,0.0,0.033690369256000004,144.12,67.49,83.65,0,12.98,0,14.41,8.41,16
C2-S14,none,1,100,0.07594107251,0.6281560968,-0.16384447400000002,0,0.5402526928,0.000967224346,0.3701598263,-0.1859367036,0,0.18519034735,18.09,12.77,3.32,0,22,0,1.47,2.09,9.38
C2-S14,none,2,100,0.37821176235,0.6252883411,-0.1951507987,0.0,0.80834930518,0.004186317976,0.370243882884,-0.1484055215,0,0.226024678885,40.71,12.16,8.86,0,41.69,0,2.19,1.83,9.74
C2-S14,none,3,97,0.15444972426804124,0.6200405427835052,-0.33298720664948456,0.0,0.4415030629587629,0.012373000429896907,0.3784567292783505,-0.11121148144329897,0.0,0.27961825041237115,38.31958762886598,13.835051546391753,22.63917525773196,0,44.824742268041234,0,2.7938144329896906,1.0206185567010309,11.34020618556701
C2-S14,none,4,95,0.07926314601052631,0.5752839591578948,-0.5023683943157895,0.0,0.15217871439789474,0.014959943064210526,0.37784597858947366,-0.08367649968421052,0.0,0.3091294214842105,25.36842105263158,15.063157894736841,24.96842105263158,0,31.105263157894736,0,3.4842105263157896,1.063157894736842,13.789473684210526
C2-S14,none,5,86,0.009750364569767443,0.5749842396511627,-0.5350499854186046,0.0,0.04968461743604652,0.016793004125581396,0.35682750768255816,-0.11525080081395349,0.0,0.25836971188372093,17.732558139534884,10.918604651162791,18.8953488372093,0,22.27906976744186,0,3.6744186046511627,1.7093023255813953,14.976744186046512
C2-S14,none,6,58,-0.00024795317241379123,0.5278233284482758,-0.47443093751724136,0.0,0.05314444382758621,0.009826437562068965,0.34402556929310346,-0.1213801325862069,0.0,0.23247187118965518,15.172413793103448,9.379310344827585,16.448275862068964,0,22.379310344827587,0,2.706896551724138,1.7586206896551724,12.844827586206897
C2-S14,late-five,0,100,-0.087892770614,0.6115587642,-0.922157626609,0.0,-0.3984916319,0.025562336335,0.3822820025,-0.3804884203,0.0,0.0273559196302,144.8,68.48,85.19,0,13.9,2.77,14.45,8.58,15.87
C2-S14,late-five,1,100,0.07594107251,0.6281560968,-0.16384447400000002,0,0.5402526928,0.000967224346,0.3701598263,-0.1859367036,0,0.18519034735,18.09,12.77,3.32,0,22,0,1.47,2.09,9.38
C2-S14,late-five,2,100,0.37821176235,0.6252883411,-0.1951507987,0.0,0.80834930518,0.004186317976,0.370243882884,-0.1484055215,0,0.226024678885,40.71,12.16,8.86,0,41.69,0,2.19,1.83,9.74
C2-S14,late-five,3,97,0.15444972426804124,0.6200405427835052,-0.33298720664948456,0.0,0.4415030629587629,0.012373000429896907,0.3784567292783505,-0.11121148144329897,0.0,0.27961825041237115,38.31958762886598,13.835051546391753,22.63917525773196,0,44.824742268041234,0,2.7938144329896906,1.0206185567010309,11.34020618556701
C2-S14,late-five,4,95,0.07926314601052631,0.5752839591578948,-0.5023683943157895,0.0,0.15217871439789474,0.014959943064210526,0.37784597858947366,-0.08367649968421052,0.0,0.3091294214842105,25.36842105263158,15.063157894736841,24.96842105263158,0,31.105263157894736,0,3.4842105263157896,1.063157894736842,13.789473684210526
C2-S14,late-five,5,86,0.009750364569767443,0.5749842396511627,-0.5350499854186046,0.0,0.04968461743604652,0.016793004125581396,0.35682750768255816,-0.11525080081395349,0.0,0.25836971188372093,17.732558139534884,10.918604651162791,18.8953488372093,0,22.27906976744186,0,3.6744186046511627,1.7093023255813953,14.976744186046512
C2-S14,late-five,6,58,0.0005116669310344859,0.5489151241379311,-0.5106081855517242,0.0,0.03881860624137931,0.008405776318275862,0.32015630577586207,-0.14852274689655173,0.0,0.18003933487931034,16.344827586206897,11.086206896551724,19.103448275862068,0,23.96551724137931,0,2.7758620689655173,2.0517241379310347,12.620689655172415
C2-S14,restore-toward-start,0,100,-0.013986893079999996,0.6102026027,-0.899906715903,0.0,-0.30369102109,0.022322881484,0.3830171472,-0.44088694558,0.0,-0.0355469163418,138.42,69.18,75.38,0,17.91,4.05,15.63,10.58,15.05
C2-S14,restore-toward-start,1,100,0.07594107251,0.6281560968,-0.16384447400000002,0,0.5402526928,0.000967224346,0.3701598263,-0.1859367036,0,0.18519034735,18.09,12.77,3.32,0,22,0,1.47,2.09,9.38
C2-S14,restore-toward-start,2,100,0.36345411804,0.6214024692,-0.20902808679999998,0.0,0.77582850408,0.004771342384,0.375307639684,-0.1312411972,0,0.24883778463,40.4,12.48,9.17,0,41.04,0,2.31,1.69,10
C2-S14,restore-toward-start,3,97,0.13130878127835052,0.6201018716494845,-0.33783642211340204,0.0,0.41357423121546394,0.013408368789690721,0.37768651787628865,-0.12104904505154639,0.0,0.2700458440103093,36.25773195876289,14.639175257731958,22.22680412371134,0,41.95876288659794,0,3.195876288659794,1.2371134020618557,11.793814432989691
C2-S14,restore-toward-start,4,95,0.02134767187368421,0.5725123896842105,-0.5489365434315789,0.0,0.044923520703157895,0.014746880829789474,0.37725920863157897,-0.11575544621052632,0.0,0.2762506416210526,20.557894736842105,15.221052631578948,23.305263157894736,0,25.25263157894737,0,3.7473684210526317,1.5368421052631578,14
C2-S14,restore-toward-start,5,89,0.030159409625842695,0.5800981562921348,-0.5401964195730337,0.0,0.07006114594831461,0.01373728570730337,0.3400229368539326,-0.1754074179775281,0.0,0.1783528048539326,13.168539325842696,11.730337078651685,13.651685393258427,0,16.786516853932586,0,3.8876404494382024,2.5730337078651684,14.898876404494382
C2-S14,restore-toward-start,6,60,0.2568022752333333,0.5600402428333333,-0.4663064141,0.0,0.35053610325,0.005587199703333334,0.2632376792666667,-0.22817451216666668,0.0,0.04065036823333334,22.516666666666666,8.05,11.733333333333333,0,29.85,0,2.8833333333333333,3.0833333333333335,11.816666666666666
C2-S14,each-five,0,100,-0.14028830843999998,0.6042929638,-0.928363037925,0.0,-0.4643583901,0.035561018715,0.3890055509,-0.36229998798,0.0,0.06226658487,139.26,71.04,86.4,0,14.73,12.91,16.31,8.61,17.7
C2-S14,each-five,1,100,0.07594107251,0.6281560968,-0.16384447400000002,0,0.5402526928,0.000967224346,0.3701598263,-0.1859367036,0,0.18519034735,18.09,12.77,3.32,0,22,0,1.47,2.09,9.38
C2-S14,each-five,2,100,0.31390863684,0.6204891097,-0.1979983535,0.0,0.73639939478,0.007330040854,0.376176105484,-0.1233760404,0,0.26013010643,39.69,13.17,9.24,0,41.04,0,2.53,1.63,10.28
C2-S14,each-five,3,98,0.1695804721734694,0.6209681937755102,-0.36543982157142857,0.0,0.4251088476632653,0.013075703937755102,0.377165555244898,-0.11437367010204082,0.0,0.27586759080612244,39.204081632653065,15.357142857142858,24.653061224489797,0,44.5,0,3.173469387755102,1.183673469387755,12.193877551020408
C2-S14,each-five,4,96,0.030783532083333336,0.5647260936458334,-0.5656136499270833,0.0,0.029895981270833333,0.019156260914583334,0.389451125625,-0.09768072458333334,0.0,0.3109266596489583,22.71875,15.6875,27.864583333333332,0,28.333333333333332,0,4.229166666666667,1.3958333333333333,15.09375
C2-S14,each-five,5,82,0.034958682878048784,0.5603510659756098,-0.5796436600609756,0.0,0.015666087373170733,0.02080764887804878,0.35273381982926827,-0.11094165121951219,0.0,0.26259981768292684,13.902439024390244,13.024390243902438,17.890243902439025,0,19.475609756097562,0,4.304878048780488,1.524390243902439,16.402439024390244
C2-S14,each-five,6,59,0.11893296899999999,0.5129560893220338,-0.5273157629830508,0.0,0.10457329908474576,0.009588004610169492,0.32463401669491526,-0.1307295606779661,0.0,0.20349245674067798,16.694915254237287,7.305084745762712,14,0,24.966101694915253,0,2.7288135593220337,1.9322033898305084,14.728813559322035
