candidate,policy,phase,n,differentWindows,oneOrBothUnreached,APS_RFS,APS_interaction,APS_starvation,APS_crowding,APS,AHS_RFS,AHS_interaction,AHS_starvation,AHS_crowding,AHS,hareBirths,harePredation,hareStarvation,hareCrowding,hareFinal,hareAdded,foxBirths,foxStarvation,foxFinal
D5-S25,late-five,0,100,33,0,-0.014638023679999999,-0.0005895517999999966,0.014757402371000001,0.0,-0.00047017779999999676,-0.002615073853,0.0007472018000000008,-0.026068302059999993,0.0,-0.0279361733516,1.06,2.35,0.47,0,1.69,3.45,0.64,1.49,-0.85
D5-S25,late-five,1,100,0,0,0.0,0.0,0.0,0,0.0,0.0,0.0,0.0,0,0.0,0,0,0,0,0,0,0,0,0
D5-S25,late-five,2,100,0,0,0.0,0.0,0.0,0,0.0,0.0,0.0,0.0,0,0.0,0,0,0,0,0,0,0,0,0
D5-S25,late-five,3,100,0,0,0.0,0.0,0.0,0,0.0,0.0,0.0,0.0,0,0.0,0,0,0,0,0,0,0,0,0
D5-S25,late-five,4,100,0,0,0.0,0.0,0.0,0.0,0.0,0.0,0.0,0.0,0,0.0,0,0,0,0,0,0,0,0,0
D5-S25,late-five,5,97,0,3,0.0,0.0,0.0,0.0,0.0,0.0,0.0,0.0,0,0.0,0,0,0,0,0,0,0,0,0
D5-S25,late-five,6,36,33,31,-0.019933136097222224,-0.06068622,-0.020472281499999998,0.0,-0.10109164573333333,0.002995428638888889,0.061562054444444445,0.04660264433333333,0.0,0.111160124625,1.8055555555555556,3.111111111111111,0.9166666666666666,0,2.7777777777777777,0,0.5277777777777778,-1.0555555555555556,1.5833333333333333
D5-S25,restore-toward-start,0,100,67,0,-0.03394270535,0.00015574050000000228,0.012600449282999995,0.0,-0.021186518029999993,-0.0038477827609999997,0.000426408399999999,-0.04044090903,0.0,-0.0438622796366,3.02,3.64,3.32,0,2.42,6.36,1.27,2.49,-1.22
D5-S25,restore-toward-start,1,100,0,0,0.0,0.0,0.0,0,0.0,0.0,0.0,0.0,0,0.0,0,0,0,0,0,0,0,0,0
D5-S25,restore-toward-start,2,100,0,0,0.02243767129,0.0028565872000000003,0.0005461874,0,0.025840443399999996,-2.6164002e-05,-0.0029732725999999992,-0.0023046721999999986,0,-0.00530410936,1.09,-0.08,0.19,0,1.14,0,-0.02,0.04,-0.06
D5-S25,restore-toward-start,3,100,0,0,0.003314549160000001,-0.00015099980000000013,-0.007798890399999999,0,-0.004635342300000004,0.000423303056,0.0004456283,0.0016897565999999986,0,0.00255868798,0.73,0.03,1.23,0,0.63,0,0.05,-0.04,0.03
D5-S25,restore-toward-start,4,99,1,0,-0.014029734606060605,-0.002931112626262627,-0.006791187939393942,0.0,-0.023752035313131314,0.0014104890666666668,0.0032664803030303044,-0.002197325959595959,0,0.002479641616161616,-0.29292929292929293,0.35353535353535354,0.6161616161616161,0,-0.3838383838383838,0,0.25252525252525254,0.09090909090909091,0.1919191919191919
D5-S25,restore-toward-start,5,61,35,4,0.004710091229508198,0.00019447704918033177,-0.016889130983606553,0.0,-0.01198456272131148,0.001319074957377049,0.0012541319672131155,0.00970119868852459,0,0.012274404065573768,-0.6065573770491803,0.3442622950819672,0.3442622950819672,0,-0.3114754098360656,0,0.01639344262295082,-0.39344262295081966,0.4426229508196721
D5-S25,restore-toward-start,6,29,31,40,-0.025975664306896552,-0.018088654827586207,-0.09746988448275862,0,-0.1415342070137931,-0.001304124348275862,0.016479548620689653,0.009901559172413796,0,0.02507698389655173,0.4482758620689655,0.6896551724137931,1.6206896551724137,0,1.8275862068965518,0,0.1724137931034483,0.5517241379310345,-0.4482758620689655
D5-S25,each-five,0,100,70,0,-0.1280221597,6.709830000000306e-05,0.022974283967,0.0,-0.10498078369999998,-0.0059112955529999995,-0.00021857540000000508,-0.050449555029999996,0.0,-0.0565794262546,7.62,5.49,19.58,0,4.46,21.91,0.95,2.68,-1.73
D5-S25,each-five,1,100,0,0,0.0,0.0,0.0,0,0.0,0.0,0.0,0.0,0,0.0,0,0,0,0,0,0,0,0,0
D5-S25,each-five,2,100,0,0,0.045783275049999995,0.0035766387999999977,0.0009995606000000035,0,0.05035946247,-0.0011085243026000004,-0.003797341499999999,-0.0031311852000000017,0,-0.008037048469999999,5.06,-0.2,1.84,0,7.71,0,-0.16,0.03,-0.19
D5-S25,each-five,3,100,0,0,-0.02033492425,0.004020929800000004,-0.0266323934,0,-0.042946382656999994,-0.0033700132172,-0.0034632599000000014,0.0017709649999999976,0,-0.005062308919999998,-0.59,-0.73,8.02,0,4.73,0,-0.35,-0.09,-0.45
D5-S25,each-five,4,94,6,0,-0.019077652489361704,-0.0034554104255319126,-0.008129917393617025,0,-0.030662983293936172,0.0029764405720212766,0.003535070744680852,0.009556063191489352,0,0.01606757239361702,-1.8191489361702127,-0.5531914893617021,7.351063829787234,0,2.5425531914893615,0,-0.10638297872340426,-0.3829787234042553,-0.0851063829787234
D5-S25,each-five,5,62,32,6,0.023190938548387097,-0.013163328709677414,0.06255421554838711,0,0.07258183087903226,0.0015238072790322583,0.015807268548387092,0.0039436214516129055,0,0.02127469996774193,0.41935483870967744,2.306451612903226,0.08064516129032258,0,1.4838709677419355,0,0.25806451612903225,0.08064516129032258,1.032258064516129
D5-S25,each-five,6,30,32,38,0.06775455304999999,-0.013133250999999997,-0.008708899333333327,0,0.04591239265,-0.0018997678,0.012536197999999995,-0.03210219899999999,0.0,-0.02146576573333333,3.3333333333333335,0.4,-0.16666666666666666,0,5.766666666666667,0,0.6333333333333333,2.033333333333333,0.8333333333333334
C2-S14,late-five,0,100,15,0,-0.020016685344,0.0002651343000000006,0.008858231268000004,0.0,-0.010893320989999998,-0.0007073495559999999,0.00011100170000000131,-0.005738102699999995,0.0,-0.006334449625800003,0.68,0.99,1.54,0,0.92,2.77,0.04,0.17,-0.13
C2-S14,late-five,1,100,0,0,0.0,0.0,0.0,0,0.0,0.0,0.0,0.0,0,0.0,0,0,0,0,0,0,0,0,0
C2-S14,late-five,2,100,0,0,0.0,0.0,0.0,0.0,0.0,0.0,0.0,0.0,0,0.0,0,0,0,0,0,0,0,0,0
C2-S14,late-five,3,97,0,3,0.0,0.0,0.0,0.0,0.0,0.0,0.0,0.0,0.0,0.0,0,0,0,0,0,0,0,0,0
C2-S14,late-five,4,95,0,5,0.0,0.0,0.0,0.0,0.0,0.0,0.0,0.0,0.0,0.0,0,0,0,0,0,0,0,0,0
C2-S14,late-five,5,86,0,14,0.0,0.0,0.0,0.0,0.0,0.0,0.0,0.0,0.0,0.0,0,0,0,0,0,0,0,0,0
C2-S14,late-five,6,43,15,42,-0.004905153813953486,-0.006535900000000007,-0.0193065881395349,0,-0.030747648302325584,-0.0018552417079069764,0.004932270348837213,0.006189337674418607,0.0,0.00926636839534884,1.255813953488372,1.0465116279069768,3.2325581395348837,0,1.6744186046511629,0,-0.13953488372093023,-0.23255813953488372,0.09302325581395349
C2-S14,restore-toward-start,0,100,61,0,0.053889192190000004,-0.001091027200000002,0.031109141974,0.0,0.08390728982000001,-0.003946804407,0.0008461464000000019,-0.06613662798,0.0,-0.0692372855978,-5.7,1.69,-8.27,0,4.93,4.05,1.22,2.17,-0.95
C2-S14,restore-toward-start,1,100,0,0,0.0,0.0,0.0,0,0.0,0.0,0.0,0.0,0,0.0,0,0,0,0,0,0,0,0,0
C2-S14,restore-toward-start,2,100,0,0,-0.014757644310000005,-0.003885871899999999,-0.013877288099999998,0.0,-0.032520801099999996,0.000585024408,0.005063756800000001,0.0171643243,0,0.022813105745,-0.31,0.32,0.31,0,-0.65,0,0.12,-0.14,0.26
C2-S14,restore-toward-start,3,94,3,3,-0.023080677127659575,-0.0023177167021276607,0.002053110638297874,0,-0.023345285096808513,0.0019104488468085106,0.0015973555851063815,0.001664974148936173,0.0,0.005172778478723402,-1.5212765957446808,0.8829787234042553,-0.19148936170212766,0,-2.25531914893617,0,0.3829787234042553,0.07446808510638298,0.48936170212765956
C2-S14,restore-toward-start,4,85,9,6,-0.046210789152941176,-0.007377064,-0.04833126312941176,0.0,-0.1019191154117647,0.0017388911109411766,0.003927975294117648,-0.021080415764705884,0.0,-0.015413548847058825,-4.670588235294118,-0.011764705882352941,-1.5411764705882354,0,-5.6117647058823525,0,0.35294117647058826,0.38823529411764707,0.5058823529411764
C2-S14,restore-toward-start,5,53,31,16,0.036244839730188674,-0.00030772886792452343,0.052514575358490564,0.0,0.08845168641320755,-0.0011135481084905655,-0.0016672715226415092,-0.06921039849056604,0.0,-0.07199121883018868,-3.811320754716981,0.16981132075471697,-5,0,-4.962264150943396,0,0.09433962264150944,0.660377358490566,-0.07547169811320754
C2-S14,restore-toward-start,6,34,18,48,0.3580981587647059,0.03185322147058823,0.05695897499999999,0,0.44691034676470587,-0.0032301882235294117,-0.06075786264705882,-0.09128242029411765,0.0,-0.15527046938235295,11.058823529411764,-2.764705882352941,-4.088235294117647,0,10.588235294117647,0,-0.4411764705882353,0.3235294117647059,-1.8235294117647058
C2-S14,each-five,0,100,74,0,-0.07241222317,-0.0070006661000000005,0.0026528199519999995,0.0,-0.07676007918999998,0.009291332824,0.006834550099999998,0.01245032962,0.0,0.028576215614000002,-4.86,3.55,2.75,0,1.75,12.91,1.9,0.2,1.7
C2-S14,each-five,1,100,0,0,0.0,0.0,0.0,0,0.0,0.0,0.0,0.0,0,0.0,0,0,0,0,0,0,0,0,0
C2-S14,each-five,2,99,1,0,-0.06541229011111112,-0.00490908191919192,-0.005906621010101002,0.0,-0.07622799191919191,0.0028128169474747476,0.006004374747474749,0.025209809191919192,0,0.03402700216666667,-1.0101010101010102,0.98989898989899,0.4444444444444444,0,-0.6868686868686869,0,0.31313131313131315,-0.20202020202020202,0.5151515151515151
C2-S14,each-five,3,95,2,3,0.017234347568421054,-0.0021256999999999986,-0.02645624704210527,0,-0.011347598694736852,0.0019423183389473684,0.0018791459473684188,0.011739732736842104,0.0,0.015561196073684211,1.3157894736842106,1.694736842105263,2.305263157894737,0,0.12631578947368421,0,0.3894736842105263,-0.07368421052631578,0.9894736842105263
C2-S14,each-five,4,75,20,5,-0.05782329717333333,-0.019861768400000004,-0.029848165413333336,0,-0.10753322683733334,0.0046898920146666665,0.02128480413333333,-0.014690789466666666,0.0,0.011283905,-2.506666666666667,1.16,4.466666666666667,0,-1.9333333333333333,0,0.76,0.49333333333333335,0.8266666666666667
C2-S14,each-five,5,43,32,25,0.03077322627906976,-0.007198969069767429,-0.031135897348837198,0,-0.007561639546511624,0.0027185174720930237,0.005526643379069768,-0.017051995581395345,0.0,-0.008806838372093019,-5.1395348837209305,1.1162790697674418,-0.5581395348837209,0,-3.3488372093023258,0,0.7674418604651163,0.37209302325581395,1.5813953488372092
C2-S14,each-five,6,24,19,57,0.16610171616666664,-0.021676427499999994,1.2918833333315042e-05,0,0.14443820041666666,-0.003321388866666666,-0.017976845624999994,-0.058201659583333336,0.0,-0.07949989041666666,3.5416666666666665,-0.9583333333333334,1.125,0,8.916666666666666,0,-0.4583333333333333,0.5416666666666666,-0.9166666666666666
