"seed","speciesId","SPO","HPS","EHS","ECN","PREY","STRV","MAT","BIR","CRWD","FPO","expectedFPO","fpoReconciled","pAVI","pAVIStatus","eAVI","eAVIStatus","predAVG","predAVGStatus","sAVI","sAVIStatus","cAVI","cAVIStatus","bAVG","bAVGStatus","RFS","RFSStatus","APS","APSStatus"
"1","hare","22","3999","5","5","5","24","3970","30","0","23","23","true","0.0","Valid","0.9987496733665466","Valid","0.4993748366832733","Valid","0.4893617033958435","Valid","1.0","Valid","0.007556675001978874","Valid","0.007556675001978874","Valid","-0.003706812858581543","Valid"
"2","hare","22","5528","6","6","6","26","5494","46","2","34","34","true","0.0","Valid","0.9989145994186401","Valid","0.49945729970932009","Valid","0.5806451439857483","Valid","0.9444444179534912","Valid","0.008372770622372628","Valid","0.10047324746847153","Valid","0.1250200867652893","Valid"
"3","hare","22","3905","7","8","7","31","3863","41","4","21","21","true","0.125","Valid","0.9982074499130249","Valid","0.5616037249565125","Valid","0.4464285671710968","Valid","0.8399999737739563","Valid","0.010613513179123402","Valid","-0.010613513179123402","Valid","-0.16258123517036439","Valid"
"4","hare","22","3783","7","7","7","31","3744","37","1","20","20","true","0.0","Valid","0.9981496334075928","Valid","0.4990748167037964","Valid","0.4038461446762085","Valid","0.9523809552192688","Valid","0.009882478974759579","Valid","-0.019764957949519159","Valid","-0.16446304321289063","Valid"
"5","hare","22","2780","6","6","6","22","2750","24","2","16","16","true","0.0","Valid","0.9978417158126831","Valid","0.49892085790634158","Valid","0.44999998807907107","Valid","0.8888888955116272","Valid","0.008727272972464562","Valid","-0.05236363783478737","Valid","-0.21455389261245728","Valid"
"6","hare","22","7467","5","5","5","35","7425","79","2","59","59","true","0.0","Valid","0.9993304014205933","Valid","0.49966520071029665","Valid","0.6354166865348816","Valid","0.9672130942344666","Valid","0.010639730840921402","Valid","0.39367005228996279","Valid","0.49596500396728518","Valid"
"7","hare","22","2610","3","3","3","20","2585","22","2","19","19","true","0.0","Valid","0.9988505840301514","Valid","0.4994252920150757","Valid","0.5121951103210449","Valid","0.9047619104385376","Valid","0.008510638028383255","Valid","-0.025531914085149766","Valid","-0.10914960503578186","Valid"
"8","hare","22","4151","5","5","5","25","4120","44","1","35","35","true","0.0","Valid","0.9987954497337341","Valid","0.49939772486686709","Valid","0.5901639461517334","Valid","0.9722222089767456","Valid","0.010679611936211586","Valid","0.13883495330810548","Valid","0.20061886310577393","Valid"
"9","hare","22","5110","4","4","4","23","5079","44","4","35","35","true","0.0","Valid","0.9992172122001648","Valid","0.4996086061000824","Valid","0.6290322542190552","Valid","0.8974359035491943","Valid","0.008663122542202473","Valid","0.11262059211730957","Valid","0.13869738578796388","Valid"
"10","hare","22","3400","6","6","6","15","3379","23","0","24","24","true","0.0","Valid","0.998235285282135","Valid","0.4991176426410675","Valid","0.6153846383094788","Valid","1.0","Valid","0.006806747522205114","Valid","0.013613495044410229","Valid","0.12811577320098878","Valid"
"11","hare","22","2983","6","6","6","28","2947","27","2","13","13","true","0.0","Valid","0.9979885816574097","Valid","0.49899429082870486","Valid","0.3488371968269348","Valid","0.8666666746139526","Valid","0.00916185975074768","Valid","-0.08245673775672913","Valid","-0.36795857548713686","Valid"
"12","hare","22","2170","5","5","5","22","2141","15","2","8","8","true","0.0","Valid","0.9976958632469177","Valid","0.49884793162345889","Valid","0.3125","Valid","0.800000011920929","Valid","0.007006071973592043","Valid","-0.09808500856161118","Valid","-0.48673707246780398","Valid"
"13","hare","22","4653","5","5","5","24","4619","42","5","30","30","true","0.0","Valid","0.9989254474639893","Valid","0.49946272373199465","Valid","0.5932203531265259","Valid","0.8571428656578064","Valid","0.009092877618968487","Valid","0.0727430209517479","Valid","0.022568941116333009","Valid"
"14","hare","22","3388","7","8","7","17","3363","36","1","33","33","true","0.125","Valid","0.9979338645935059","Valid","0.5614669322967529","Valid","0.6666666865348816","Valid","0.970588207244873","Valid","0.010704727843403817","Valid","0.11775200814008713","Valid","0.3164738416671753","Valid"
"15","hare","22","2777","7","8","7","28","2740","29","2","14","14","true","0.125","Valid","0.9974793195724487","Valid","0.5612396597862244","Valid","0.3636363744735718","Valid","0.875","Valid","0.010583941824734211","Valid","-0.08467153459787369","Valid","-0.28479549288749697","Valid"
"16","hare","22","3647","5","5","5","30","3607","33","5","15","15","true","0.0","Valid","0.9986290335655212","Valid","0.4993145167827606","Valid","0.4000000059604645","Valid","0.75","Valid","0.009148877114057541","Valid","-0.06404213607311249","Valid","-0.4147275984287262","Valid"
"17","hare","22","2791","6","7","6","21","2763","21","1","15","15","true","0.1428571492433548","Valid","0.997850239276886","Valid","0.5703536868095398","Valid","0.4324324429035187","Valid","0.9375","Valid","0.007600434124469757","Valid","-0.0532030388712883","Valid","-0.11291691660881043","Valid"
"18","hare","22","3835","5","5","5","32","3798","38","0","23","23","true","0.0","Valid","0.9986962080001831","Valid","0.49934810400009158","Valid","0.41818180680274966","Valid","1.0","Valid","0.010005265474319458","Valid","0.010005265474319458","Valid","-0.07246479392051697","Valid"
"19","hare","22","3114","7","7","7","28","3076","26","3","10","10","true","0.0","Valid","0.9977520704269409","Valid","0.49887603521347048","Valid","0.31707316637039187","Valid","0.7692307829856873","Valid","0.00845253560692072","Valid","-0.10143043100833893","Valid","-0.5162504315376282","Valid"
"20","hare","22","3002","7","7","7","20","2975","22","0","17","17","true","0.0","Valid","0.9976682066917419","Valid","0.49883410334587099","Valid","0.45945945382118227","Valid","1.0","Valid","0.007394957821816206","Valid","-0.03697478771209717","Valid","-0.07868123054504395","Valid"
"21","hare","22","4383","4","4","4","30","4348","45","1","32","32","true","0.0","Valid","0.999087393283844","Valid","0.499543696641922","Valid","0.523809552192688","Valid","0.9696969985961914","Valid","0.010349585674703122","Valid","0.10349585860967636","Valid","0.09654611349105835","Valid"
"22","hare","22","5086","7","7","7","40","5039","48","0","23","23","true","0.0","Valid","0.9986236691474915","Valid","0.4993118345737457","Valid","0.3650793731212616","Valid","1.0","Valid","0.00952569954097271","Valid","0.00952569954097271","Valid","-0.126083105802536","Valid"
"23","hare","22","2323","6","6","6","22","2295","20","0","14","14","true","0.0","Valid","0.997417151927948","Valid","0.498708575963974","Valid","0.3888888955116272","Valid","1.0","Valid","0.00871459674090147","Valid","-0.06971677392721176","Valid","-0.18211930990219117","Valid"
"24","hare","22","3256","10","10","10","29","3210","29","7","5","5","true","0.0","Valid","0.9969287514686585","Valid","0.4984643757343292","Valid","0.2926829159259796","Valid","0.4166666567325592","Valid","0.009034267626702786","Valid","-0.15358254313468934","Valid","-0.9457685947418213","Valid"
"25","hare","22","6026","4","4","4","34","5981","63","7","40","40","true","0.0","Valid","0.9993361830711365","Valid","0.49966809153556826","Valid","0.5802469253540039","Valid","0.8510638475418091","Valid","0.010533355176448822","Valid","0.1896003931760788","Valid","0.12057924270629883","Valid"
"26","hare","22","4951","3","3","3","36","4907","52","5","30","30","true","0.0","Valid","0.9993940591812134","Valid","0.4996970295906067","Valid","0.49295774102211","Valid","0.8571428656578064","Valid","0.0105971060693264","Valid","0.0847768485546112","Valid","-0.06542554497718811","Valid"
"27","hare","22","3156","6","6","6","27","3120","25","3","11","11","true","0.0","Valid","0.9980988502502441","Valid","0.49904942512512209","Valid","0.3414634168148041","Valid","0.7857142686843872","Valid","0.008012820966541767","Valid","-0.08814103156328201","Valid","-0.46191391348838808","Valid"
"28","hare","22","4926","9","9","9","23","4891","55","3","42","42","true","0.0","Valid","0.9981729388237","Valid","0.49908646941185","Valid","0.6617646813392639","Valid","0.9333333373069763","Valid","0.01124514453113079","Valid","0.2249028980731964","Valid","0.3190873861312866","Valid"
"29","hare","22","2502","7","7","7","25","2469","19","1","8","8","true","0.0","Valid","0.9972022175788879","Valid","0.49860110878944399","Valid","0.2647058963775635","Valid","0.8888888955116272","Valid","0.007695423439145088","Valid","-0.10773593187332154","Valid","-0.4555400311946869","Valid"
"30","hare","22","2818","5","5","5","23","2789","25","1","18","18","true","0.0","Valid","0.9982256889343262","Valid","0.4991128444671631","Valid","0.4523809552192688","Valid","0.9473684430122376","Valid","0.00896378606557846","Valid","-0.03585514426231384","Valid","-0.1369929015636444","Valid"
"31","hare","22","2586","6","6","6","30","2547","29","3","12","12","true","0.0","Valid","0.9976798295974731","Valid","0.49883991479873659","Valid","0.3333333432674408","Valid","0.800000011920929","Valid","0.011385944671928883","Valid","-0.11385944485664368","Valid","-0.48168617486953738","Valid"
"32","hare","22","4211","5","5","5","20","4185","41","1","37","37","true","0.0","Valid","0.9988126158714294","Valid","0.4994063079357147","Valid","0.6551724076271057","Valid","0.9736841917037964","Valid","0.00979689322412014","Valid","0.14695340394973756","Valid","0.275216281414032","Valid"
"33","hare","22","4556","7","7","7","35","4512","52","2","30","30","true","0.0","Valid","0.9984635710716248","Valid","0.4992317855358124","Valid","0.4776119291782379","Valid","0.9375","Valid","0.011524822562932969","Valid","0.09219858050346375","Valid","0.006542295217514038","Valid"
"34","hare","22","3231","4","4","4","32","3192","34","3","17","17","true","0.0","Valid","0.9987620115280151","Valid","0.49938100576400759","Valid","0.38461539149284365","Valid","0.8500000238418579","Valid","0.01065162941813469","Valid","-0.05325814709067345","Valid","-0.31926172971725466","Valid"
"35","hare","22","4154","7","7","7","27","4118","45","2","31","31","true","0.0","Valid","0.9983148574829102","Valid","0.4991574287414551","Valid","0.550000011920929","Valid","0.939393937587738","Valid","0.010927634313702584","Valid","0.0983487069606781","Valid","0.08690011501312256","Valid"
"36","hare","22","4872","6","6","6","26","4837","42","3","29","29","true","0.0","Valid","0.9987684488296509","Valid","0.49938422441482546","Valid","0.5517241358757019","Valid","0.90625","Valid","0.008683067746460438","Valid","0.06078147515654564","Valid","0.01813983917236328","Valid"
"37","hare","22","2272","8","8","8","24","2238","17","2","5","5","true","0.0","Valid","0.9964788556098938","Valid","0.4982394278049469","Valid","0.22580644488334657","Valid","0.7142857313156128","Valid","0.00759606808423996","Valid","-0.1291331648826599","Valid","-0.6908015608787537","Valid"
"38","hare","22","3304","9","9","9","27","3267","34","1","19","19","true","0.0","Valid","0.9972760081291199","Valid","0.49863800406455996","Valid","0.42553192377090456","Valid","0.949999988079071","Valid","0.01040710136294365","Valid","-0.031221304088830949","Valid","-0.15705138444900514","Valid"
"39","hare","22","3276","2","2","2","19","3253","24","2","23","23","true","0.0","Valid","0.9993894696235657","Valid","0.49969473481178286","Valid","0.5681818127632141","Valid","0.9200000166893005","Valid","0.007377805188298225","Valid","0.007377805188298225","Valid","-0.004745602607727051","Valid"
"40","hare","22","3306","2","2","2","20","3283","22","1","21","21","true","0.0","Valid","0.9993950128555298","Valid","0.4996975064277649","Valid","0.523809552192688","Valid","0.9545454382896423","Valid","0.006701188161969185","Valid","-0.006701188161969185","Valid","-0.028648704290390016","Valid"
"41","hare","22","1779","5","5","5","19","1755","11","0","9","9","true","0.0","Valid","0.9971894025802612","Valid","0.4985947012901306","Valid","0.3214285671710968","Valid","1.0","Valid","0.006267806049436331","Valid","-0.08148147910833359","Valid","-0.26145821809768679","Valid"
"42","hare","22","3054","4","4","4","25","3023","33","2","24","24","true","0.0","Valid","0.9986902475357056","Valid","0.4993451237678528","Valid","0.5098039507865906","Valid","0.9230769276618958","Valid","0.010916308499872685","Valid","0.02183261699974537","Valid","-0.04594135284423828","Valid"
"43","hare","22","5802","7","8","7","36","5750","67","9","37","37","true","0.125","Valid","0.9987935423851013","Valid","0.561896800994873","Valid","0.5609756112098694","Valid","0.804347813129425","Valid","0.011652173474431038","Valid","0.17478260397911073","Valid","0.10200285911560059","Valid"
"44","hare","22","4182","3","3","3","20","4159","35","0","34","34","true","0.0","Valid","0.9992826581001282","Valid","0.4996413290500641","Valid","0.6296296119689941","Valid","1.0","Valid","0.008415484800934792","Valid","0.1009858176112175","Valid","0.23025673627853394","Valid"
"45","hare","22","3851","5","6","5","28","3817","44","1","32","32","true","0.1666666716337204","Valid","0.9987016320228577","Valid","0.5826841592788696","Valid","0.5409836173057556","Valid","0.9696969985961914","Valid","0.011527377180755139","Valid","0.11527377367019654","Valid","0.20863854885101319","Valid"
"46","hare","22","3238","6","6","6","38","3190","32","4","6","6","true","0.0","Valid","0.9981470108032227","Valid","0.49907350540161135","Valid","0.2083333283662796","Valid","0.6000000238418579","Valid","0.010031348094344139","Valid","-0.16050156950950623","Valid","-0.8530946969985962","Valid"
"47","hare","22","1907","4","4","4","28","1875","16","0","6","6","true","0.0","Valid","0.9979024529457092","Valid","0.4989512264728546","Valid","0.1764705926179886","Valid","1.0","Valid","0.00853333342820406","Valid","-0.13653333485126496","Valid","-0.46111154556274416","Valid"
"48","hare","22","2238","1","1","1","18","2219","12","0","15","15","true","0.0","Valid","0.9995531439781189","Valid","0.49977657198905947","Valid","0.4545454680919647","Valid","1.0","Valid","0.00540784141048789","Valid","-0.037854891270399097","Valid","-0.08353284001350403","Valid"
"49","hare","22","3153","4","4","4","28","3120","24","1","13","13","true","0.0","Valid","0.9987313747406006","Valid","0.4993656873703003","Valid","0.3333333432674408","Valid","0.9285714030265808","Valid","0.007692307699471712","Valid","-0.06923077255487442","Valid","-0.3079603314399719","Valid"
"50","hare","22","3587","5","5","5","19","3561","32","2","28","28","true","0.0","Valid","0.9986060857772827","Valid","0.49930304288864138","Valid","0.6122449040412903","Valid","0.9333333373069763","Valid","0.00898624025285244","Valid","0.05391744151711464","Valid","0.09879875183105469","Valid"
"51","hare","22","3877","2","2","2","17","3858","37","0","40","40","true","0.0","Valid","0.999484121799469","Valid","0.4997420608997345","Valid","0.7017543911933899","Valid","1.0","Valid","0.009590460918843747","Valid","0.17262829840183259","Valid","0.37412476539611819","Valid"
"52","hare","22","1920","4","4","4","25","1888","14","3","4","4","true","0.0","Valid","0.9979166388511658","Valid","0.4989583194255829","Valid","0.21875","Valid","0.5714285969734192","Valid","0.007415254134684801","Valid","-0.13347457349300385","Valid","-0.8443376421928406","Valid"
"53","hare","22","5947","4","4","4","25","5915","52","3","42","42","true","0.0","Valid","0.9993274211883545","Valid","0.49966371059417727","Valid","0.6428571343421936","Valid","0.9333333373069763","Valid","0.008791209198534489","Valid","0.17582418024539948","Valid","0.25167834758758547","Valid"
"54","hare","22","2217","3","3","3","20","2194","16","0","15","15","true","0.0","Valid","0.9986467957496643","Valid","0.49932339787483218","Valid","0.4285714328289032","Valid","1.0","Valid","0.007292616181075573","Valid","-0.051048312336206439","Valid","-0.12315347790718079","Valid"
"55","hare","22","3592","1","1","1","36","4730","42","2","25","25","true","0.0","Valid","0.9997215867042542","Valid","0.4998607933521271","Valid","0.4285714328289032","Valid","0.9259259104728699","Valid","0.008879492990672589","Valid","0.02663847804069519","Valid","-0.11900338530540467","Valid"
"56","hare","22","2763","4","4","4","24","2731","20","4","10","10","true","0.0","Valid","0.9985523223876953","Valid","0.49927616119384768","Valid","0.3684210479259491","Valid","0.7142857313156128","Valid","0.007323324680328369","Valid","-0.08787989616394043","Valid","-0.5058969259262085","Valid"
"57","hare","22","2261","4","4","4","20","2236","15","1","12","12","true","0.0","Valid","0.9982308745384216","Valid","0.4991154372692108","Valid","0.39393940567970278","Valid","0.9230769276618958","Valid","0.006708407774567604","Valid","-0.06708407402038574","Valid","-0.2509523034095764","Valid"
"58","hare","22","2827","4","4","4","25","2798","24","0","17","17","true","0.0","Valid","0.998585045337677","Valid","0.4992925226688385","Valid","0.4047619104385376","Valid","1.0","Valid","0.008577555418014527","Valid","-0.04288777709007263","Valid","-0.13883334398269654","Valid"
"59","hare","22","1891","4","5","4","20","1867","9","0","7","7","true","0.20000000298023225","Valid","0.9978846907615662","Valid","0.5989423394203186","Valid","0.25925925374031069","Valid","1.0","Valid","0.0048205675557255749","Valid","-0.0723085105419159","Valid","-0.21410688757896424","Valid"
"60","hare","22","3373","8","8","8","23","3342","35","0","26","26","true","0.0","Valid","0.9976282119750977","Valid","0.49881410598754885","Valid","0.5306122303009033","Valid","1.0","Valid","0.010472770780324936","Valid","0.041891083121299747","Valid","0.07131743431091309","Valid"
"61","hare","22","2076","3","3","3","27","2045","15","1","6","6","true","0.0","Valid","0.9985548853874207","Valid","0.4992774426937103","Valid","0.20588235557079316","Valid","0.8571428656578064","Valid","0.007334963418543339","Valid","-0.11735941469669342","Valid","-0.5550567507743836","Valid"
"62","hare","22","5527","4","4","4","31","5492","52","0","39","39","true","0.0","Valid","0.9992762804031372","Valid","0.4996381402015686","Valid","0.5571428537368774","Valid","1.0","Valid","0.009468317963182927","Valid","0.16096140444278718","Valid","0.21774238348007203","Valid"
"63","hare","22","3853","5","5","5","29","3817","46","2","32","32","true","0.0","Valid","0.9987022876739502","Valid","0.4993511438369751","Valid","0.5396825671195984","Valid","0.9411764740943909","Valid","0.012051349505782128","Valid","0.12051349878311157","Valid","0.10072368383407593","Valid"
"64","hare","22","2485","4","4","4","20","2459","18","2","14","14","true","0.0","Valid","0.9983903169631958","Valid","0.4991951584815979","Valid","0.4444444477558136","Valid","0.875","Valid","0.007320048753172159","Valid","-0.058560390025377277","Valid","-0.23992079496383668","Valid"
"65","hare","22","2402","3","3","3","14","2385","18","0","23","23","true","0.0","Valid","0.9987510442733765","Valid","0.49937552213668826","Valid","0.6216216087341309","Valid","1.0","Valid","0.007547169923782349","Valid","0.007547169923782349","Valid","0.12854433059692384","Valid"
"66","hare","22","2430","5","6","5","25","2398","18","2","8","8","true","0.1666666716337204","Valid","0.9979423880577087","Valid","0.5823045372962952","Valid","0.2857142984867096","Valid","0.800000011920929","Valid","0.007506255060434341","Valid","-0.10508757084608078","Valid","-0.43706873059272768","Valid"
"67","hare","22","5528","6","6","6","43","5477","56","2","27","27","true","0.0","Valid","0.9989145994186401","Valid","0.49945729970932009","Valid","0.4027777910232544","Valid","0.931034505367279","Valid","0.01022457517683506","Valid","0.05112287402153015","Valid","-0.11560755968093872","Valid"
"68","hare","22","2006","3","3","3","20","1983","12","0","11","11","true","0.0","Valid","0.9985044598579407","Valid","0.49925222992897036","Valid","0.35483869910240176","Valid","1.0","Valid","0.006051436997950077","Valid","-0.06656580418348313","Valid","-0.21247488260269166","Valid"
"69","hare","22","3056","5","5","5","30","3018","34","3","18","18","true","0.0","Valid","0.9983638525009155","Valid","0.49918192625045779","Valid","0.4117647111415863","Valid","0.8571428656578064","Valid","0.011265738867223263","Valid","-0.04506295546889305","Valid","-0.2769734561443329","Valid"
"70","hare","22","4972","4","4","4","37","4923","45","8","18","18","true","0.0","Valid","0.9991955161094666","Valid","0.4995977580547333","Valid","0.4126984179019928","Valid","0.692307710647583","Valid","0.009140768088400364","Valid","-0.036563072353601459","Valid","-0.4319591820240021","Valid"
"71","hare","22","3246","8","8","8","34","3203","31","1","10","10","true","0.0","Valid","0.9975354075431824","Valid","0.4987677037715912","Valid","0.24444444477558137","Valid","0.9090909361839294","Valid","0.009678426198661328","Valid","-0.11614111065864563","Valid","-0.46383804082870486","Valid"
"72","hare","22","3548","5","5","5","40","3498","37","5","9","9","true","0.0","Valid","0.9985907673835754","Valid","0.4992953836917877","Valid","0.25925925374031069","Valid","0.6428571343421936","Valid","0.010577472858130932","Valid","-0.1375071406364441","Valid","-0.7360953688621521","Valid"
"73","hare","22","5444","2","2","2","31","5407","49","4","34","34","true","0.0","Valid","0.9996325969696045","Valid","0.49981629848480227","Valid","0.5507246255874634","Valid","0.8947368264198303","Valid","0.0090623265132308","Valid","0.10874791443347931","Valid","0.05402565002441406","Valid"
"74","hare","22","3149","6","6","6","29","3113","27","1","13","13","true","0.0","Valid","0.9980946183204651","Valid","0.49904730916023257","Valid","0.3255814015865326","Valid","0.9285714030265808","Valid","0.008673305623233319","Valid","-0.07805974781513214","Valid","-0.3248596489429474","Valid"
"75","hare","22","2908","8","8","8","21","2877","22","2","13","13","true","0.0","Valid","0.9972489476203919","Valid","0.4986244738101959","Valid","0.4166666567325592","Valid","0.8666666746139526","Valid","0.007646854501217604","Valid","-0.06882169097661972","Valid","-0.28686389327049258","Valid"
"76","hare","22","2199","4","4","4","27","2166","17","2","6","6","true","0.0","Valid","0.9981809854507446","Valid","0.4990904927253723","Valid","0.22857142984867097","Valid","0.75","Valid","0.007848569191992283","Valid","-0.12557710707187653","Valid","-0.6479151844978333","Valid"
"77","hare","22","3082","4","4","4","26","3048","26","4","14","14","true","0.0","Valid","0.9987021684646606","Valid","0.4993510842323303","Valid","0.40909090638160708","Valid","0.7777777910232544","Valid","0.00853018369525671","Valid","-0.06824146956205368","Valid","-0.3820216953754425","Valid"
"78","hare","22","3473","6","6","6","22","3445","27","0","21","21","true","0.0","Valid","0.9982723593711853","Valid","0.49913617968559267","Valid","0.4883720874786377","Valid","1.0","Valid","0.007837445475161076","Valid","-0.007837445475161076","Valid","-0.020329177379608156","Valid"
"79","hare","22","3519","3","4","3","27","3489","28","0","20","20","true","0.25","Valid","0.9991474747657776","Valid","0.6245737075805664","Valid","0.42553192377090456","Valid","1.0","Valid","0.008025222457945347","Valid","-0.016050444915890695","Valid","0.03405517339706421","Valid"
"80","hare","22","4562","1","1","1","25","4535","36","1","31","31","true","0.0","Valid","0.9997807741165161","Valid","0.49989038705825808","Valid","0.5614035129547119","Valid","0.96875","Valid","0.007938258349895478","Valid","0.0714443251490593","Valid","0.10148823261260987","Valid"
"81","hare","22","2898","6","6","6","26","2863","25","3","12","12","true","0.0","Valid","0.9979296326637268","Valid","0.4989648163318634","Valid","0.3658536672592163","Valid","0.800000011920929","Valid","0.008732099086046219","Valid","-0.08732099086046219","Valid","-0.4225024878978729","Valid"
"82","hare","22","3394","5","5","5","28","3361","25","0","14","14","true","0.0","Valid","0.9985268115997315","Valid","0.4992634057998657","Valid","0.3333333432674408","Valid","1.0","Valid","0.0074382624588906769","Valid","-0.05950609967112541","Valid","-0.226909339427948","Valid"
"83","hare","22","2922","8","8","8","22","2890","31","2","21","21","true","0.0","Valid","0.9972621202468872","Valid","0.4986310601234436","Valid","0.5111111402511597","Valid","0.9130434989929199","Valid","0.010726643726229668","Valid","-0.010726643726229668","Valid","-0.08794093132019043","Valid"
"84","hare","22","3574","5","7","5","18","3549","33","2","30","30","true","0.2857142984867096","Valid","0.9986010193824768","Valid","0.6421576738357544","Valid","0.6399999856948853","Valid","0.9375","Valid","0.009298393502831459","Valid","0.07438714802265167","Valid","0.2940447926521301","Valid"
"85","hare","22","3053","5","5","5","32","3014","31","2","14","14","true","0.0","Valid","0.9983622431755066","Valid","0.4991811215877533","Valid","0.3333333432674408","Valid","0.875","Valid","0.010285334661602974","Valid","-0.08228267729282379","Valid","-0.3747682273387909","Valid"
"86","hare","22","2512","3","3","3","18","2489","19","2","18","18","true","0.0","Valid","0.9988057613372803","Valid","0.49940288066864016","Valid","0.5263158082962036","Valid","0.8999999761581421","Valid","0.007633587811142206","Valid","-0.030534351244568826","Valid","-0.10481569170951843","Valid"
"87","hare","22","5086","4","4","4","22","5057","37","3","30","30","true","0.0","Valid","0.9992135167121887","Valid","0.49960675835609438","Valid","0.6000000238418579","Valid","0.9090909361839294","Valid","0.007316590752452612","Valid","0.058532726019620898","Valid","0.0672304630279541","Valid"
"88","hare","22","2215","4","4","4","21","2189","12","1","8","8","true","0.0","Valid","0.99819415807724","Valid","0.49909707903862","Valid","0.30000001192092898","Valid","0.8888888955116272","Valid","0.005481955129653215","Valid","-0.07674737274646759","Valid","-0.38876140117645266","Valid"
"89","hare","22","2163","2","2","2","16","2145","9","0","13","13","true","0.0","Valid","0.9990753531455994","Valid","0.4995376765727997","Valid","0.4482758641242981","Valid","1.0","Valid","0.004195804242044687","Valid","-0.03776223957538605","Valid","-0.08994871377944946","Valid"
"90","hare","22","4178","3","3","3","32","4142","49","1","35","35","true","0.0","Valid","0.9992819428443909","Valid","0.49964097142219546","Valid","0.529411792755127","Valid","0.9722222089767456","Valid","0.011830033734440804","Valid","0.1537904441356659","Valid","0.1550654172897339","Valid"
"91","hare","22","4021","7","7","7","35","3976","42","3","19","19","true","0.0","Valid","0.9982591271400452","Valid","0.4991295635700226","Valid","0.38596490025520327","Valid","0.8636363744735718","Valid","0.01056338008493185","Valid","-0.03169013932347298","Valid","-0.28295931220054629","Valid"
"92","hare","22","4494","6","6","6","31","4454","44","3","26","26","true","0.0","Valid","0.998664915561676","Valid","0.499332457780838","Valid","0.4833333194255829","Valid","0.8965517282485962","Valid","0.009878760203719139","Valid","0.039515040814876559","Valid","-0.08126744627952576","Valid"
"93","hare","22","3673","3","3","3","23","3647","23","0","19","19","true","0.0","Valid","0.9991832375526428","Valid","0.4995916187763214","Valid","0.4523809552192688","Valid","1.0","Valid","0.0063065532594919209","Valid","-0.01891965977847576","Valid","-0.0669470727443695","Valid"
"94","hare","22","4260","5","5","5","38","4216","44","1","22","22","true","0.0","Valid","0.998826265335083","Valid","0.4994131326675415","Valid","0.37704917788505556","Valid","0.95652174949646","Valid","0.01043643243610859","Valid","0.0","Valid","-0.167015939950943","Valid"
"95","hare","22","4693","4","5","4","29","4655","34","5","18","18","true","0.20000000298023225","Valid","0.9991476535797119","Valid","0.5995738506317139","Valid","0.4423076808452606","Valid","0.782608687877655","Valid","0.007303974125534296","Valid","-0.029215896502137185","Valid","-0.20472565293312074","Valid"
"96","hare","22","4020","5","5","5","13","3999","42","3","43","43","true","0.0","Valid","0.9987562298774719","Valid","0.49937811493873598","Valid","0.7796609997749329","Valid","0.9347826242446899","Valid","0.01050262525677681","Valid","0.2205551266670227","Valid","0.43437689542770388","Valid"
"97","hare","22","3653","9","9","9","22","3622","30","0","21","21","true","0.0","Valid","0.9975362420082092","Valid","0.4987681210041046","Valid","0.4883720874786377","Valid","1.0","Valid","0.008282716386020184","Valid","-0.008282716386020184","Valid","-0.021142512559890748","Valid"
"98","hare","22","2846","5","5","5","26","2814","23","1","13","13","true","0.0","Valid","0.9982431530952454","Valid","0.4991215765476227","Valid","0.3499999940395355","Valid","0.9285714030265808","Valid","0.00817341823130846","Valid","-0.07356076687574387","Valid","-0.29586780071258547","Valid"
"99","hare","22","3817","7","7","7","25","3785","40","0","30","30","true","0.0","Valid","0.9981660842895508","Valid","0.4990830421447754","Valid","0.5454545617103577","Valid","1.0","Valid","0.010568032041192055","Valid","0.08454425632953644","Valid","0.1290818452835083","Valid"
"100","hare","22","4248","6","6","6","24","4218","45","0","37","37","true","0.0","Valid","0.9985875487327576","Valid","0.4992937743663788","Valid","0.6065573692321777","Valid","1.0","Valid","0.010668563656508923","Valid","0.16002845764160157","Valid","0.26587963104248049","Valid"
