source,seed,ticks,playerSpecies,stepIntervalSeconds,plantStart,hareStart,foxStart,plantFinal,hareFinal,foxFinal,hareFirstZeroTick,foxFirstZeroTick,SPO,ADD,HPS,EHS,ECN,PREY,STRV,MAT,BIR,CRWD,FPO,pAVI,eAVI,predAVG,sAVI,cAVI,bAVG,RFS,APS,slashLineSpeciesId,expectedFPO,fpoReconciled,pAVIStatus,eAVIStatus,predAVGStatus,sAVIStatus,cAVIStatus,bAVGStatus,RFSStatus,APSStatus
baseline-200,10100,324,fox,0.1,400,25,15,454,0,0,171,324,,,,,,,,,,,,,,,,,,,,,,,,,,,,,,
baseline-200,10101,370,fox,0.1,400,25,15,476,0,0,209,370,,,,,,,,,,,,,,,,,,,,,,,,,,,,,,
baseline-200,10102,432,fox,0.1,400,25,15,409,0,0,340,432,,,,,,,,,,,,,,,,,,,,,,,,,,,,,,
baseline-200,10103,395,fox,0.1,400,25,15,404,0,0,204,395,,,,,,,,,,,,,,,,,,,,,,,,,,,,,,
baseline-200,10104,309,fox,0.1,400,25,15,462,0,0,165,309,,,,,,,,,,,,,,,,,,,,,,,,,,,,,,
baseline-200,10105,372,fox,0.1,400,25,15,419,0,0,221,372,,,,,,,,,,,,,,,,,,,,,,,,,,,,,,
baseline-200,10106,276,fox,0.1,400,25,15,443,0,0,183,276,,,,,,,,,,,,,,,,,,,,,,,,,,,,,,
baseline-200,10107,372,fox,0.1,400,25,15,420,0,0,180,372,,,,,,,,,,,,,,,,,,,,,,,,,,,,,,
baseline-200,10108,359,fox,0.1,400,25,15,409,0,0,237,359,,,,,,,,,,,,,,,,,,,,,,,,,,,,,,
baseline-200,10109,348,fox,0.1,400,25,15,441,0,0,205,348,,,,,,,,,,,,,,,,,,,,,,,,,,,,,,
baseline-200,10110,300,fox,0.1,400,25,15,448,0,0,164,300,,,,,,,,,,,,,,,,,,,,,,,,,,,,,,
baseline-200,10111,319,fox,0.1,400,25,15,466,0,0,214,319,,,,,,,,,,,,,,,,,,,,,,,,,,,,,,
baseline-200,10112,336,fox,0.1,400,25,15,462,0,0,211,336,,,,,,,,,,,,,,,,,,,,,,,,,,,,,,
baseline-200,10113,300,fox,0.1,400,25,15,461,0,0,116,300,,,,,,,,,,,,,,,,,,,,,,,,,,,,,,
baseline-200,10114,468,fox,0.1,400,25,15,367,0,0,359,468,,,,,,,,,,,,,,,,,,,,,,,,,,,,,,
baseline-200,10115,312,fox,0.1,400,25,15,467,0,0,185,312,,,,,,,,,,,,,,,,,,,,,,,,,,,,,,
baseline-200,10116,300,fox,0.1,400,25,15,450,0,0,138,300,,,,,,,,,,,,,,,,,,,,,,,,,,,,,,
baseline-200,10117,337,fox,0.1,400,25,15,447,0,0,213,337,,,,,,,,,,,,,,,,,,,,,,,,,,,,,,
baseline-200,10118,336,fox,0.1,400,25,15,433,0,0,220,336,,,,,,,,,,,,,,,,,,,,,,,,,,,,,,
baseline-200,10119,491,fox,0.1,400,25,15,469,0,0,280,491,,,,,,,,,,,,,,,,,,,,,,,,,,,,,,
baseline-200,10120,395,fox,0.1,400,25,15,483,0,0,258,395,,,,,,,,,,,,,,,,,,,,,,,,,,,,,,
baseline-200,10121,272,fox,0.1,400,25,15,437,0,0,115,272,,,,,,,,,,,,,,,,,,,,,,,,,,,,,,
baseline-200,10122,240,fox,0.1,400,25,15,452,1,0,,240,,,,,,,,,,,,,,,,,,,,,,,,,,,,,,
baseline-200,10123,347,fox,0.1,400,25,15,448,0,0,168,347,,,,,,,,,,,,,,,,,,,,,,,,,,,,,,
baseline-200,10124,357,fox,0.1,400,25,15,495,0,0,237,357,,,,,,,,,,,,,,,,,,,,,,,,,,,,,,
baseline-200,10125,372,fox,0.1,400,25,15,452,0,0,263,372,,,,,,,,,,,,,,,,,,,,,,,,,,,,,,
baseline-200,10126,312,fox,0.1,400,25,15,471,1,0,,312,,,,,,,,,,,,,,,,,,,,,,,,,,,,,,
baseline-200,10127,335,fox,0.1,400,25,15,442,0,0,221,335,,,,,,,,,,,,,,,,,,,,,,,,,,,,,,
baseline-200,10128,408,fox,0.1,400,25,15,425,1,0,,408,,,,,,,,,,,,,,,,,,,,,,,,,,,,,,
baseline-200,10129,476,fox,0.1,400,25,15,419,0,0,370,476,,,,,,,,,,,,,,,,,,,,,,,,,,,,,,
baseline-200,10130,300,fox,0.1,400,25,15,425,0,0,201,300,,,,,,,,,,,,,,,,,,,,,,,,,,,,,,
baseline-200,10131,300,fox,0.1,400,25,15,445,0,0,162,300,,,,,,,,,,,,,,,,,,,,,,,,,,,,,,
baseline-200,10132,403,fox,0.1,400,25,15,451,0,0,246,403,,,,,,,,,,,,,,,,,,,,,,,,,,,,,,
baseline-200,10133,403,fox,0.1,400,25,15,429,0,0,236,403,,,,,,,,,,,,,,,,,,,,,,,,,,,,,,
baseline-200,10134,360,fox,0.1,400,25,15,425,0,0,216,360,,,,,,,,,,,,,,,,,,,,,,,,,,,,,,
baseline-200,10135,276,fox,0.1,400,25,15,433,0,0,187,276,,,,,,,,,,,,,,,,,,,,,,,,,,,,,,
baseline-200,10136,360,fox,0.1,400,25,15,449,0,0,184,360,,,,,,,,,,,,,,,,,,,,,,,,,,,,,,
baseline-200,10137,251,fox,0.1,400,25,15,417,0,0,100,251,,,,,,,,,,,,,,,,,,,,,,,,,,,,,,
baseline-200,10138,350,fox,0.1,400,25,15,430,0,0,227,350,,,,,,,,,,,,,,,,,,,,,,,,,,,,,,
baseline-200,10139,338,fox,0.1,400,25,15,463,0,0,225,338,,,,,,,,,,,,,,,,,,,,,,,,,,,,,,
baseline-200,10140,312,fox,0.1,400,25,15,446,0,0,134,312,,,,,,,,,,,,,,,,,,,,,,,,,,,,,,
baseline-200,10141,360,fox,0.1,400,25,15,453,0,0,259,360,,,,,,,,,,,,,,,,,,,,,,,,,,,,,,
baseline-200,10142,336,fox,0.1,400,25,15,441,0,0,180,336,,,,,,,,,,,,,,,,,,,,,,,,,,,,,,
baseline-200,10143,432,fox,0.1,400,25,15,428,0,0,268,432,,,,,,,,,,,,,,,,,,,,,,,,,,,,,,
baseline-200,10144,348,fox,0.1,400,25,15,415,0,0,160,348,,,,,,,,,,,,,,,,,,,,,,,,,,,,,,
baseline-200,10145,313,fox,0.1,400,25,15,454,1,0,,313,,,,,,,,,,,,,,,,,,,,,,,,,,,,,,
baseline-200,10146,396,fox,0.1,400,25,15,417,0,0,223,396,,,,,,,,,,,,,,,,,,,,,,,,,,,,,,
baseline-200,10147,336,fox,0.1,400,25,15,434,0,0,194,336,,,,,,,,,,,,,,,,,,,,,,,,,,,,,,
baseline-200,10148,276,fox,0.1,400,25,15,426,0,0,104,276,,,,,,,,,,,,,,,,,,,,,,,,,,,,,,
baseline-200,10149,356,fox,0.1,400,25,15,435,0,0,142,356,,,,,,,,,,,,,,,,,,,,,,,,,,,,,,
baseline-200,10150,372,fox,0.1,400,25,15,488,0,0,202,372,,,,,,,,,,,,,,,,,,,,,,,,,,,,,,
baseline-200,10151,372,fox,0.1,400,25,15,406,0,0,211,372,,,,,,,,,,,,,,,,,,,,,,,,,,,,,,
baseline-200,10152,371,fox,0.1,400,25,15,468,0,0,191,371,,,,,,,,,,,,,,,,,,,,,,,,,,,,,,
baseline-200,10153,360,fox,0.1,400,25,15,409,0,0,252,360,,,,,,,,,,,,,,,,,,,,,,,,,,,,,,
baseline-200,10154,276,fox,0.1,400,25,15,446,0,0,171,276,,,,,,,,,,,,,,,,,,,,,,,,,,,,,,
baseline-200,10155,315,fox,0.1,400,25,15,444,0,0,188,315,,,,,,,,,,,,,,,,,,,,,,,,,,,,,,
baseline-200,10156,388,fox,0.1,400,25,15,434,0,0,248,388,,,,,,,,,,,,,,,,,,,,,,,,,,,,,,
baseline-200,10157,372,fox,0.1,400,25,15,470,0,0,269,372,,,,,,,,,,,,,,,,,,,,,,,,,,,,,,
baseline-200,10158,336,fox,0.1,400,25,15,392,1,0,,336,,,,,,,,,,,,,,,,,,,,,,,,,,,,,,
baseline-200,10159,408,fox,0.1,400,25,15,429,0,0,304,408,,,,,,,,,,,,,,,,,,,,,,,,,,,,,,
baseline-200,10160,312,fox,0.1,400,25,15,464,0,0,138,312,,,,,,,,,,,,,,,,,,,,,,,,,,,,,,
baseline-200,10161,336,fox,0.1,400,25,15,418,0,0,143,336,,,,,,,,,,,,,,,,,,,,,,,,,,,,,,
baseline-200,10162,267,fox,0.1,400,25,15,443,0,0,116,267,,,,,,,,,,,,,,,,,,,,,,,,,,,,,,
baseline-200,10163,312,fox,0.1,400,25,15,448,0,0,167,312,,,,,,,,,,,,,,,,,,,,,,,,,,,,,,
baseline-200,10164,372,fox,0.1,400,25,15,464,0,0,261,372,,,,,,,,,,,,,,,,,,,,,,,,,,,,,,
baseline-200,10165,336,fox,0.1,400,25,15,469,0,0,194,336,,,,,,,,,,,,,,,,,,,,,,,,,,,,,,
baseline-200,10166,300,fox,0.1,400,25,15,439,0,0,169,300,,,,,,,,,,,,,,,,,,,,,,,,,,,,,,
baseline-200,10167,376,fox,0.1,400,25,15,443,0,0,221,376,,,,,,,,,,,,,,,,,,,,,,,,,,,,,,
baseline-200,10168,408,fox,0.1,400,25,15,450,0,0,241,408,,,,,,,,,,,,,,,,,,,,,,,,,,,,,,
baseline-200,10169,397,fox,0.1,400,25,15,471,0,0,249,397,,,,,,,,,,,,,,,,,,,,,,,,,,,,,,
baseline-200,10170,538,fox,0.1,400,25,15,161,0,0,363,538,,,,,,,,,,,,,,,,,,,,,,,,,,,,,,
baseline-200,10171,408,fox,0.1,400,25,15,485,0,0,254,408,,,,,,,,,,,,,,,,,,,,,,,,,,,,,,
baseline-200,10172,386,fox,0.1,400,25,15,359,0,0,267,386,,,,,,,,,,,,,,,,,,,,,,,,,,,,,,
baseline-200,10173,336,fox,0.1,400,25,15,440,0,0,175,336,,,,,,,,,,,,,,,,,,,,,,,,,,,,,,
baseline-200,10174,400,fox,0.1,400,25,15,405,0,0,224,400,,,,,,,,,,,,,,,,,,,,,,,,,,,,,,
baseline-200,10175,372,fox,0.1,400,25,15,443,1,0,,372,,,,,,,,,,,,,,,,,,,,,,,,,,,,,,
baseline-200,10176,353,fox,0.1,400,25,15,466,0,0,212,353,,,,,,,,,,,,,,,,,,,,,,,,,,,,,,
baseline-200,10177,336,fox,0.1,400,25,15,437,0,0,215,336,,,,,,,,,,,,,,,,,,,,,,,,,,,,,,
baseline-200,10178,408,fox,0.1,400,25,15,412,0,0,224,408,,,,,,,,,,,,,,,,,,,,,,,,,,,,,,
baseline-200,10179,282,fox,0.1,400,25,15,448,0,0,142,282,,,,,,,,,,,,,,,,,,,,,,,,,,,,,,
baseline-200,10180,336,fox,0.1,400,25,15,432,0,0,207,336,,,,,,,,,,,,,,,,,,,,,,,,,,,,,,
baseline-200,10181,587,fox,0.1,400,25,15,384,0,0,436,587,,,,,,,,,,,,,,,,,,,,,,,,,,,,,,
baseline-200,10182,276,fox,0.1,400,25,15,453,0,0,154,276,,,,,,,,,,,,,,,,,,,,,,,,,,,,,,
baseline-200,10183,261,fox,0.1,400,25,15,447,0,0,150,261,,,,,,,,,,,,,,,,,,,,,,,,,,,,,,
baseline-200,10184,336,fox,0.1,400,25,15,457,0,0,198,336,,,,,,,,,,,,,,,,,,,,,,,,,,,,,,
baseline-200,10185,600,fox,0.1,400,25,15,479,0,1,469,,,,,,,,,,,,,,,,,,,,,,,,,,,,,,,
baseline-200,10186,276,fox,0.1,400,25,15,445,0,0,159,276,,,,,,,,,,,,,,,,,,,,,,,,,,,,,,
baseline-200,10187,276,fox,0.1,400,25,15,462,0,0,176,276,,,,,,,,,,,,,,,,,,,,,,,,,,,,,,
baseline-200,10188,426,fox,0.1,400,25,15,415,0,0,318,426,,,,,,,,,,,,,,,,,,,,,,,,,,,,,,
baseline-200,10189,348,fox,0.1,400,25,15,415,0,0,205,348,,,,,,,,,,,,,,,,,,,,,,,,,,,,,,
baseline-200,10190,264,fox,0.1,400,25,15,468,0,0,119,264,,,,,,,,,,,,,,,,,,,,,,,,,,,,,,
baseline-200,10191,313,fox,0.1,400,25,15,464,0,0,142,313,,,,,,,,,,,,,,,,,,,,,,,,,,,,,,
baseline-200,10192,311,fox,0.1,400,25,15,466,0,0,109,311,,,,,,,,,,,,,,,,,,,,,,,,,,,,,,
baseline-200,10193,352,fox,0.1,400,25,15,406,0,0,216,352,,,,,,,,,,,,,,,,,,,,,,,,,,,,,,
baseline-200,10194,432,fox,0.1,400,25,15,413,0,0,274,432,,,,,,,,,,,,,,,,,,,,,,,,,,,,,,
baseline-200,10195,299,fox,0.1,400,25,15,473,0,0,183,299,,,,,,,,,,,,,,,,,,,,,,,,,,,,,,
baseline-200,10196,336,fox,0.1,400,25,15,448,0,0,190,336,,,,,,,,,,,,,,,,,,,,,,,,,,,,,,
baseline-200,10197,336,fox,0.1,400,25,15,451,1,0,,336,,,,,,,,,,,,,,,,,,,,,,,,,,,,,,
baseline-200,10198,300,fox,0.1,400,25,15,439,0,0,193,300,,,,,,,,,,,,,,,,,,,,,,,,,,,,,,
baseline-200,10199,327,fox,0.1,400,25,15,438,0,0,176,327,,,,,,,,,,,,,,,,,,,,,,,,,,,,,,
baseline-200,10200,432,fox,0.1,400,25,15,449,1,0,,432,,,,,,,,,,,,,,,,,,,,,,,,,,,,,,
baseline-200,10201,372,fox,0.1,400,25,15,452,0,0,196,372,,,,,,,,,,,,,,,,,,,,,,,,,,,,,,
baseline-200,10202,340,fox,0.1,400,25,15,462,0,0,223,340,,,,,,,,,,,,,,,,,,,,,,,,,,,,,,
baseline-200,10203,475,fox,0.1,400,25,15,438,0,0,358,475,,,,,,,,,,,,,,,,,,,,,,,,,,,,,,
baseline-200,10204,372,fox,0.1,400,25,15,413,0,0,201,372,,,,,,,,,,,,,,,,,,,,,,,,,,,,,,
baseline-200,10205,312,fox,0.1,400,25,15,454,0,0,192,312,,,,,,,,,,,,,,,,,,,,,,,,,,,,,,
baseline-200,10206,445,fox,0.1,400,25,15,379,1,0,,445,,,,,,,,,,,,,,,,,,,,,,,,,,,,,,
baseline-200,10207,340,fox,0.1,400,25,15,402,0,0,198,340,,,,,,,,,,,,,,,,,,,,,,,,,,,,,,
baseline-200,10208,336,fox,0.1,400,25,15,479,0,0,132,336,,,,,,,,,,,,,,,,,,,,,,,,,,,,,,
baseline-200,10209,300,fox,0.1,400,25,15,467,0,0,175,300,,,,,,,,,,,,,,,,,,,,,,,,,,,,,,
baseline-200,10210,432,fox,0.1,400,25,15,449,0,0,284,432,,,,,,,,,,,,,,,,,,,,,,,,,,,,,,
baseline-200,10211,324,fox,0.1,400,25,15,435,0,0,174,324,,,,,,,,,,,,,,,,,,,,,,,,,,,,,,
baseline-200,10212,241,fox,0.1,400,25,15,458,0,0,129,241,,,,,,,,,,,,,,,,,,,,,,,,,,,,,,
baseline-200,10213,340,fox,0.1,400,25,15,446,0,0,179,340,,,,,,,,,,,,,,,,,,,,,,,,,,,,,,
baseline-200,10214,412,fox,0.1,400,25,15,319,0,0,278,412,,,,,,,,,,,,,,,,,,,,,,,,,,,,,,
baseline-200,10215,600,fox,0.1,400,25,15,0,213,1,,,,,,,,,,,,,,,,,,,,,,,,,,,,,,,,
baseline-200,10216,456,fox,0.1,400,25,15,441,0,0,249,456,,,,,,,,,,,,,,,,,,,,,,,,,,,,,,
baseline-200,10217,414,fox,0.1,400,25,15,482,0,0,220,414,,,,,,,,,,,,,,,,,,,,,,,,,,,,,,
baseline-200,10218,300,fox,0.1,400,25,15,473,0,0,168,300,,,,,,,,,,,,,,,,,,,,,,,,,,,,,,
baseline-200,10219,372,fox,0.1,400,25,15,478,0,0,201,372,,,,,,,,,,,,,,,,,,,,,,,,,,,,,,
baseline-200,10220,524,fox,0.1,400,25,15,393,0,0,311,524,,,,,,,,,,,,,,,,,,,,,,,,,,,,,,
baseline-200,10221,432,fox,0.1,400,25,15,387,0,0,366,432,,,,,,,,,,,,,,,,,,,,,,,,,,,,,,
baseline-200,10222,600,fox,0.1,400,25,15,0,9,1,,,,,,,,,,,,,,,,,,,,,,,,,,,,,,,,
baseline-200,10223,412,fox,0.1,400,25,15,415,0,0,310,412,,,,,,,,,,,,,,,,,,,,,,,,,,,,,,
baseline-200,10224,396,fox,0.1,400,25,15,466,0,0,229,396,,,,,,,,,,,,,,,,,,,,,,,,,,,,,,
baseline-200,10225,562,fox,0.1,400,25,15,184,0,0,394,562,,,,,,,,,,,,,,,,,,,,,,,,,,,,,,
baseline-200,10226,312,fox,0.1,400,25,15,480,0,0,198,312,,,,,,,,,,,,,,,,,,,,,,,,,,,,,,
baseline-200,10227,372,fox,0.1,400,25,15,456,0,0,220,372,,,,,,,,,,,,,,,,,,,,,,,,,,,,,,
baseline-200,10228,336,fox,0.1,400,25,15,420,0,0,211,336,,,,,,,,,,,,,,,,,,,,,,,,,,,,,,
baseline-200,10229,336,fox,0.1,400,25,15,472,0,0,225,336,,,,,,,,,,,,,,,,,,,,,,,,,,,,,,
baseline-200,10230,276,fox,0.1,400,25,15,491,2,0,,276,,,,,,,,,,,,,,,,,,,,,,,,,,,,,,
baseline-200,10231,457,fox,0.1,400,25,15,499,0,0,302,457,,,,,,,,,,,,,,,,,,,,,,,,,,,,,,
baseline-200,10232,600,fox,0.1,400,25,15,0,85,5,,,,,,,,,,,,,,,,,,,,,,,,,,,,,,,,
baseline-200,10233,432,fox,0.1,400,25,15,419,0,0,288,432,,,,,,,,,,,,,,,,,,,,,,,,,,,,,,
baseline-200,10234,332,fox,0.1,400,25,15,438,0,0,164,332,,,,,,,,,,,,,,,,,,,,,,,,,,,,,,
baseline-200,10235,396,fox,0.1,400,25,15,428,0,0,269,396,,,,,,,,,,,,,,,,,,,,,,,,,,,,,,
baseline-200,10236,300,fox,0.1,400,25,15,480,0,0,218,300,,,,,,,,,,,,,,,,,,,,,,,,,,,,,,
baseline-200,10237,307,fox,0.1,400,25,15,481,0,0,154,307,,,,,,,,,,,,,,,,,,,,,,,,,,,,,,
baseline-200,10238,552,fox,0.1,400,25,15,365,0,0,367,552,,,,,,,,,,,,,,,,,,,,,,,,,,,,,,
baseline-200,10239,392,fox,0.1,400,25,15,431,0,0,239,392,,,,,,,,,,,,,,,,,,,,,,,,,,,,,,
baseline-200,10240,386,fox,0.1,400,25,15,389,0,0,219,386,,,,,,,,,,,,,,,,,,,,,,,,,,,,,,
baseline-200,10241,321,fox,0.1,400,25,15,469,0,0,155,321,,,,,,,,,,,,,,,,,,,,,,,,,,,,,,
baseline-200,10242,342,fox,0.1,400,25,15,390,0,0,236,342,,,,,,,,,,,,,,,,,,,,,,,,,,,,,,
baseline-200,10243,371,fox,0.1,400,25,15,439,0,0,220,371,,,,,,,,,,,,,,,,,,,,,,,,,,,,,,
baseline-200,10244,317,fox,0.1,400,25,15,428,0,0,178,317,,,,,,,,,,,,,,,,,,,,,,,,,,,,,,
baseline-200,10245,276,fox,0.1,400,25,15,477,0,0,138,276,,,,,,,,,,,,,,,,,,,,,,,,,,,,,,
baseline-200,10246,411,fox,0.1,400,25,15,406,0,0,282,411,,,,,,,,,,,,,,,,,,,,,,,,,,,,,,
baseline-200,10247,388,fox,0.1,400,25,15,463,1,0,,388,,,,,,,,,,,,,,,,,,,,,,,,,,,,,,
baseline-200,10248,338,fox,0.1,400,25,15,445,0,0,166,338,,,,,,,,,,,,,,,,,,,,,,,,,,,,,,
baseline-200,10249,591,fox,0.1,400,25,15,203,0,0,412,591,,,,,,,,,,,,,,,,,,,,,,,,,,,,,,
baseline-200,10250,276,fox,0.1,400,25,15,479,0,0,160,276,,,,,,,,,,,,,,,,,,,,,,,,,,,,,,
baseline-200,10251,410,fox,0.1,400,25,15,470,0,0,264,410,,,,,,,,,,,,,,,,,,,,,,,,,,,,,,
baseline-200,10252,534,fox,0.1,400,25,15,342,0,0,399,534,,,,,,,,,,,,,,,,,,,,,,,,,,,,,,
baseline-200,10253,372,fox,0.1,400,25,15,472,0,0,166,372,,,,,,,,,,,,,,,,,,,,,,,,,,,,,,
baseline-200,10254,510,fox,0.1,400,25,15,438,0,0,399,510,,,,,,,,,,,,,,,,,,,,,,,,,,,,,,
baseline-200,10255,296,fox,0.1,400,25,15,462,0,0,140,296,,,,,,,,,,,,,,,,,,,,,,,,,,,,,,
baseline-200,10256,254,fox,0.1,400,25,15,451,0,0,130,254,,,,,,,,,,,,,,,,,,,,,,,,,,,,,,
baseline-200,10257,312,fox,0.1,400,25,15,443,0,0,181,312,,,,,,,,,,,,,,,,,,,,,,,,,,,,,,
baseline-200,10258,456,fox,0.1,400,25,15,437,0,0,329,456,,,,,,,,,,,,,,,,,,,,,,,,,,,,,,
baseline-200,10259,276,fox,0.1,400,25,15,487,1,0,,276,,,,,,,,,,,,,,,,,,,,,,,,,,,,,,
baseline-200,10260,370,fox,0.1,400,25,15,444,0,0,203,370,,,,,,,,,,,,,,,,,,,,,,,,,,,,,,
baseline-200,10261,399,fox,0.1,400,25,15,430,0,0,266,399,,,,,,,,,,,,,,,,,,,,,,,,,,,,,,
baseline-200,10262,336,fox,0.1,400,25,15,428,1,0,,336,,,,,,,,,,,,,,,,,,,,,,,,,,,,,,
baseline-200,10263,336,fox,0.1,400,25,15,435,0,0,184,336,,,,,,,,,,,,,,,,,,,,,,,,,,,,,,
baseline-200,10264,387,fox,0.1,400,25,15,432,0,0,227,387,,,,,,,,,,,,,,,,,,,,,,,,,,,,,,
baseline-200,10265,498,fox,0.1,400,25,15,376,0,0,296,498,,,,,,,,,,,,,,,,,,,,,,,,,,,,,,
baseline-200,10266,449,fox,0.1,400,25,15,402,0,0,348,449,,,,,,,,,,,,,,,,,,,,,,,,,,,,,,
baseline-200,10267,476,fox,0.1,400,25,15,452,0,0,334,476,,,,,,,,,,,,,,,,,,,,,,,,,,,,,,
baseline-200,10268,509,fox,0.1,400,25,15,396,0,0,354,509,,,,,,,,,,,,,,,,,,,,,,,,,,,,,,
baseline-200,10269,372,fox,0.1,400,25,15,478,0,0,250,372,,,,,,,,,,,,,,,,,,,,,,,,,,,,,,
baseline-200,10270,300,fox,0.1,400,25,15,424,1,0,,300,,,,,,,,,,,,,,,,,,,,,,,,,,,,,,
baseline-200,10271,264,fox,0.1,400,25,15,488,0,0,131,264,,,,,,,,,,,,,,,,,,,,,,,,,,,,,,
baseline-200,10272,343,fox,0.1,400,25,15,420,0,0,187,343,,,,,,,,,,,,,,,,,,,,,,,,,,,,,,
baseline-200,10273,312,fox,0.1,400,25,15,474,0,0,133,312,,,,,,,,,,,,,,,,,,,,,,,,,,,,,,
baseline-200,10274,372,fox,0.1,400,25,15,452,0,0,227,372,,,,,,,,,,,,,,,,,,,,,,,,,,,,,,
baseline-200,10275,443,fox,0.1,400,25,15,378,1,0,,443,,,,,,,,,,,,,,,,,,,,,,,,,,,,,,
baseline-200,10276,264,fox,0.1,400,25,15,482,0,0,137,264,,,,,,,,,,,,,,,,,,,,,,,,,,,,,,
baseline-200,10277,234,fox,0.1,400,25,15,491,0,0,111,234,,,,,,,,,,,,,,,,,,,,,,,,,,,,,,
baseline-200,10278,371,fox,0.1,400,25,15,357,0,0,267,371,,,,,,,,,,,,,,,,,,,,,,,,,,,,,,
baseline-200,10279,335,fox,0.1,400,25,15,402,0,0,158,335,,,,,,,,,,,,,,,,,,,,,,,,,,,,,,
baseline-200,10280,336,fox,0.1,400,25,15,429,0,0,158,336,,,,,,,,,,,,,,,,,,,,,,,,,,,,,,
baseline-200,10281,564,fox,0.1,400,25,15,481,0,0,403,564,,,,,,,,,,,,,,,,,,,,,,,,,,,,,,
baseline-200,10282,371,fox,0.1,400,25,15,405,0,0,213,371,,,,,,,,,,,,,,,,,,,,,,,,,,,,,,
baseline-200,10283,420,fox,0.1,400,25,15,452,0,0,237,420,,,,,,,,,,,,,,,,,,,,,,,,,,,,,,
baseline-200,10284,312,fox,0.1,400,25,15,473,0,0,119,312,,,,,,,,,,,,,,,,,,,,,,,,,,,,,,
baseline-200,10285,488,fox,0.1,400,25,15,438,0,0,337,488,,,,,,,,,,,,,,,,,,,,,,,,,,,,,,
baseline-200,10286,372,fox,0.1,400,25,15,485,0,0,223,372,,,,,,,,,,,,,,,,,,,,,,,,,,,,,,
baseline-200,10287,564,fox,0.1,400,25,15,470,0,0,454,564,,,,,,,,,,,,,,,,,,,,,,,,,,,,,,
baseline-200,10288,354,fox,0.1,400,25,15,433,1,0,,354,,,,,,,,,,,,,,,,,,,,,,,,,,,,,,
baseline-200,10289,501,fox,0.1,400,25,15,437,0,0,323,501,,,,,,,,,,,,,,,,,,,,,,,,,,,,,,
baseline-200,10290,240,fox,0.1,400,25,15,454,1,0,,240,,,,,,,,,,,,,,,,,,,,,,,,,,,,,,
baseline-200,10291,336,fox,0.1,400,25,15,432,0,0,199,336,,,,,,,,,,,,,,,,,,,,,,,,,,,,,,
baseline-200,10292,292,fox,0.1,400,25,15,438,1,0,,292,,,,,,,,,,,,,,,,,,,,,,,,,,,,,,
baseline-200,10293,408,fox,0.1,400,25,15,473,1,0,,408,,,,,,,,,,,,,,,,,,,,,,,,,,,,,,
baseline-200,10294,372,fox,0.1,400,25,15,410,0,0,230,372,,,,,,,,,,,,,,,,,,,,,,,,,,,,,,
baseline-200,10295,515,fox,0.1,400,25,15,511,0,0,324,515,,,,,,,,,,,,,,,,,,,,,,,,,,,,,,
baseline-200,10296,432,fox,0.1,400,25,15,471,0,0,217,432,,,,,,,,,,,,,,,,,,,,,,,,,,,,,,
baseline-200,10297,273,fox,0.1,400,25,15,474,0,0,155,273,,,,,,,,,,,,,,,,,,,,,,,,,,,,,,
baseline-200,10298,372,fox,0.1,400,25,15,490,0,0,205,372,,,,,,,,,,,,,,,,,,,,,,,,,,,,,,
baseline-200,10299,299,fox,0.1,400,25,15,471,0,0,146,299,,,,,,,,,,,,,,,,,,,,,,,,,,,,,,
control-20,10100,600,hare,0.2,400,25,15,147,19,32,,,25,0,60407,21941,223,127,343,50614,464,0,19,0.4304932653903961,0.6367805004119873,0.5336368680000305,0.05248618870973587,1.0,0.009167424403131008,-0.0550045445561409,-0.4688814878463745,hare,19,True,Valid,Valid,Valid,Valid,Valid,Valid,Valid,Valid
control-20,10101,600,hare,0.2,400,25,15,643,58,21,,,25,0,20452,7960,277,146,48,16538,227,0,58,0.4729241728782654,0.6107960343360901,0.5418601036071777,0.5471698045730591,1.0,0.013725964352488518,0.45295682549476624,0.5419867038726807,hare,58,True,Valid,Valid,Valid,Valid,Valid,Valid,Valid,Valid
control-20,10102,600,hare,0.2,400,25,15,717,1,0,,396,25,0,3262,988,74,48,5,3038,29,0,1,0.3513513505458832,0.69711834192276,0.5242348313331604,0.1666666716337204,1.0,0.009545753709971905,-0.22909808158874512,-0.5381965637207031,hare,1,True,Valid,Valid,Valid,Valid,Valid,Valid,Valid,Valid
control-20,10103,600,hare,0.2,400,25,15,227,283,13,,,25,0,29911,8533,190,117,42,22643,417,0,283,0.3842105269432068,0.7147203087806702,0.5494654178619385,0.870769202709198,1.0,0.018416287377476692,4.751402378082275,5.171637058258057,hare,283,True,Valid,Valid,Valid,Valid,Valid,Valid,Valid,Valid
control-20,10104,600,hare,0.2,400,25,15,719,1,0,,300,25,0,2040,539,48,30,0,2218,6,0,1,0.375,0.7357842922210693,0.5553921461105347,1.0,1.0,0.0027051398064941168,-0.06492335349321365,0.4904688000679016,hare,1,True,Valid,Valid,Valid,Valid,Valid,Valid,Valid,Valid
control-20,10105,600,hare,0.2,400,25,15,190,350,4,,,25,0,26014,3543,112,73,19,19149,417,0,350,0.3482142984867096,0.8638041019439697,0.6060091853141785,0.9485095143318176,1.0,0.02177659422159195,7.077393054962158,7.631911754608154,hare,350,True,Valid,Valid,Valid,Valid,Valid,Valid,Valid,Valid
control-20,10106,600,hare,0.2,400,25,15,709,1,0,,336,25,0,3160,1043,72,45,6,3079,27,0,1,0.375,0.6699367165565491,0.5224683284759521,0.1428571492433548,1.0,0.008769080974161625,-0.2104579508304596,-0.5451324582099915,hare,1,True,Valid,Valid,Valid,Valid,Valid,Valid,Valid,Valid
control-20,10107,600,hare,0.2,400,25,15,0,372,0,,449,25,0,6691,892,79,46,146,43564,539,0,372,0.4177215099334717,0.8666865825653076,0.6422040462493896,0.7181467413902283,1.0,0.012372600845992565,4.29329252243042,4.6536431312561035,hare,372,True,Valid,Valid,Valid,Valid,Valid,Valid,Valid,Valid
control-20,10108,600,hare,0.2,400,25,15,9,204,4,,,25,0,66114,5354,107,53,315,54401,547,0,204,0.5046728849411011,0.9190186858177185,0.7118457555770874,0.39306357502937317,1.0,0.010054961778223515,1.7998381853103638,1.904747486114502,hare,204,True,Valid,Valid,Valid,Valid,Valid,Valid,Valid,Valid
control-20,10109,600,hare,0.2,400,25,15,62,261,12,,,25,0,52409,13054,156,87,171,41892,494,0,261,0.4423076808452606,0.7509206533432007,0.5966141819953918,0.6041666865348816,1.0,0.011792227625846863,2.782965660095215,2.9837465286254883,hare,261,True,Valid,Valid,Valid,Valid,Valid,Valid,Valid,Valid
control-20,10110,600,hare,0.2,400,25,15,119,211,16,,,25,0,54322,15238,149,98,201,43948,485,0,211,0.34228187799453735,0.7194874882698059,0.5308846831321716,0.512135922908783,1.0,0.011035769246518612,2.0526530742645264,2.0956737995147705,hare,211,True,Valid,Valid,Valid,Valid,Valid,Valid,Valid,Valid
control-20,10111,167,hare,0.2,400,25,15,608,0,26,167,,25,0,2849,1059,86,49,2,2535,26,0,0,0.43023255467414856,0.6282906532287598,0.529261589050293,0.0,0.0,0.010256410576403141,-0.25641027092933655,-0.7271486520767212,hare,0,True,Valid,Valid,Valid,Valid,N/A,Valid,Valid,Valid
control-20,10112,600,hare,0.2,400,25,15,596,118,19,,,25,0,17303,5848,221,125,21,13654,239,0,118,0.4343891441822052,0.6620239019393921,0.5482065081596375,0.8489208817481995,1.0,0.017504028975963593,1.627874732017517,2.0250020027160645,hare,118,True,Valid,Valid,Valid,Valid,Valid,Valid,Valid,Valid
control-20,10113,600,hare,0.2,400,25,15,0,152,0,,276,25,0,1942,452,39,22,354,60930,503,0,152,0.43589743971824646,0.7672502398490906,0.6015738248825073,0.30039525032043457,1.0,0.008255374617874622,1.0484325885772705,0.9504016637802124,hare,152,True,Valid,Valid,Valid,Valid,Valid,Valid,Valid,Valid
control-20,10114,600,hare,0.2,400,25,15,61,141,5,,,25,0,66955,10092,133,71,343,55464,530,0,141,0.4661654233932495,0.8492718935012817,0.6577186584472656,0.2913223206996918,1.0,0.009555747732520103,1.1084667444229126,1.0575077533721924,hare,141,True,Valid,Valid,Valid,Valid,Valid,Valid,Valid,Valid
control-20,10115,600,hare,0.2,400,25,15,426,27,38,,,25,0,39213,18992,297,166,173,32710,341,0,27,0.44107744097709656,0.5156708359718323,0.4783741235733032,0.13500000536441803,1.0,0.010424946434795856,0.020849892869591713,-0.365776002407074,hare,27,True,Valid,Valid,Valid,Valid,Valid,Valid,Valid,Valid
control-20,10116,600,hare,0.2,400,25,15,712,1,0,,337,25,0,2330,684,73,48,4,2288,28,0,1,0.34246575832366943,0.7064377665519714,0.524451732635498,0.20000000298023224,1.0,0.012237762100994587,-0.2937062978744507,-0.5692545771598816,hare,1,True,Valid,Valid,Valid,Valid,Valid,Valid,Valid,Valid
control-20,10117,600,hare,0.2,400,25,15,122,180,21,,,25,0,52985,18242,186,109,221,42103,485,0,180,0.4139784872531891,0.6557138562202454,0.5348461866378784,0.44887781143188477,1.0,0.01151936873793602,1.7855021953582764,1.76922607421875,hare,180,True,Valid,Valid,Valid,Valid,Valid,Valid,Valid,Valid
control-20,10118,600,hare,0.2,400,25,15,714,1,0,,312,25,0,1404,330,33,22,2,1668,0,0,1,0.3333333432674408,0.7649572491645813,0.5491452813148499,0.3333333432674408,1.0,0.0,0.0,-0.11752137541770935,hare,1,True,Valid,Valid,Valid,Valid,Valid,Valid,Valid,Valid
control-20,10119,187,hare,0.2,400,25,15,609,0,24,187,,25,0,3677,1629,92,50,8,3017,33,0,0,0.45652174949645996,0.556975781917572,0.5067487955093384,0.0,0.0,0.010938017629086971,-0.27345043420791626,-0.7667016386985779,hare,0,True,Valid,Valid,Valid,Valid,N/A,Valid,Valid,Valid
guarded-burrow-20,10100,600,hare,0.2,400,25,15,313,95,29,,,25,0,47663,21186,273,136,200,39604,406,0,95,0.5018315315246582,0.5555042624473572,0.5286679267883301,0.32203391194343567,1.0,0.010251489467918873,0.7176042795181274,0.5683060884475708,hare,95,True,Valid,Valid,Valid,Valid,Valid,Valid,Valid,Valid
guarded-burrow-20,10101,600,hare,0.2,400,25,15,62,140,10,,,25,0,64587,16295,220,104,309,53226,528,0,140,0.5272727012634277,0.7477046251296997,0.6374886631965637,0.31180399656295776,1.0,0.009919963777065277,1.1407958269119263,1.0900886058807373,hare,140,True,Valid,Valid,Valid,Valid,Valid,Valid,Valid,Valid
guarded-burrow-20,10102,600,hare,0.2,400,25,15,4,417,0,,409,25,0,4111,881,71,43,70,35512,505,0,417,0.39436620473861694,0.7856969237327576,0.5900315642356873,0.8562628626823425,1.0,0.014220545068383217,5.574453830718994,6.020748138427734,hare,417,True,Valid,Valid,Valid,Valid,Valid,Valid,Valid,Valid
guarded-burrow-20,10103,600,hare,0.2,400,25,15,642,6,25,,,25,0,18167,9184,407,183,47,14587,211,0,6,0.5503685474395752,0.49446800351142883,0.5224182605743408,0.11320754885673523,1.0,0.01446493435651064,-0.2748337388038635,-0.6392079591751099,hare,6,True,Valid,Valid,Valid,Valid,Valid,Valid,Valid,Valid
guarded-burrow-20,10104,600,hare,0.2,400,25,15,199,350,2,,,25,0,24655,1515,98,48,14,18036,387,0,350,0.5102040767669678,0.9385520219802856,0.7243780493736267,0.9615384340286255,1.0,0.021457085385918617,6.973552703857422,7.659469127655029,hare,350,True,Valid,Valid,Valid,Valid,Valid,Valid,Valid,Valid
guarded-burrow-20,10105,600,hare,0.2,400,25,15,354,57,44,,,25,0,45765,22592,345,177,175,38523,384,0,57,0.48695650696754456,0.50634765625,0.4966520667076111,0.24568966031074524,1.0,0.00996807124465704,0.31897827982902527,0.061319977045059204,hare,57,True,Valid,Valid,Valid,Valid,Valid,Valid,Valid,Valid
guarded-burrow-20,10106,600,hare,0.2,400,25,15,19,167,5,,,25,0,70264,10858,152,76,331,58207,549,0,167,0.5,0.8454685211181641,0.672734260559082,0.33534136414527893,1.0,0.009431854821741581,1.3393234014511108,1.347399115562439,hare,167,True,Valid,Valid,Valid,Valid,Valid,Valid,Valid,Valid
guarded-burrow-20,10107,600,hare,0.2,400,25,15,107,266,12,,,25,0,52400,16282,170,79,171,42143,491,0,266,0.5352941155433655,0.689274787902832,0.6122844219207764,0.6086956262588501,1.0,0.011650808155536652,2.807844877243042,3.028824806213379,hare,266,True,Valid,Valid,Valid,Valid,Valid,Valid,Valid,Valid
guarded-burrow-20,10108,600,hare,0.2,400,25,15,3,467,0,,372,25,0,3313,997,70,36,49,33053,527,0,467,0.48571428656578064,0.699064314365387,0.5923892855644226,0.9050387740135193,1.0,0.015944089740514755,7.047287464141846,7.544715404510498,hare,467,True,Valid,Valid,Valid,Valid,Valid,Valid,Valid,Valid
guarded-burrow-20,10109,600,hare,0.2,400,25,15,54,22,11,,,25,0,68209,12756,125,72,418,57659,487,0,22,0.42399999499320984,0.8129865527153015,0.6184932589530945,0.05000000074505806,1.0,0.00844621006399393,-0.025338631123304367,-0.3568453788757324,hare,22,True,Valid,Valid,Valid,Valid,Valid,Valid,Valid,Valid
guarded-burrow-20,10110,600,hare,0.2,400,25,15,717,1,0,,372,25,0,1869,482,58,34,1,1884,11,0,1,0.4137931168079376,0.7421081066131592,0.5779505968093872,0.5,1.0,0.005838640965521336,-0.14012739062309265,-0.062176793813705444,hare,1,True,Valid,Valid,Valid,Valid,Valid,Valid,Valid,Valid
guarded-burrow-20,10111,600,hare,0.2,400,25,15,0,276,0,,371,25,0,5058,1219,96,51,232,51827,534,0,276,0.46875,0.7589956521987915,0.6138728260993958,0.5433070659637451,1.0,0.010303509421646595,2.5861809253692627,2.743360757827759,hare,276,True,Valid,Valid,Valid,Valid,Valid,Valid,Valid,Valid
guarded-burrow-20,10112,600,hare,0.2,400,25,15,530,26,47,,,25,0,35952,19558,408,190,134,29892,325,0,26,0.5343137383460999,0.45599687099456787,0.49515530467033386,0.16249999403953552,1.0,0.010872473940253258,0.010872473940253258,-0.331472247838974,hare,26,True,Valid,Valid,Valid,Valid,Valid,Valid,Valid,Valid
guarded-burrow-20,10113,600,hare,0.2,400,25,15,719,1,0,,276,25,0,1519,454,40,23,3,1790,2,0,1,0.42500001192092896,0.7011191844940186,0.5630595684051514,0.25,1.0,0.0011173184029757977,-0.026815641671419144,-0.21375608444213867,hare,1,True,Valid,Valid,Valid,Valid,Valid,Valid,Valid,Valid
guarded-burrow-20,10114,600,hare,0.2,400,25,15,531,86,35,,,25,0,28796,15213,383,187,81,23021,329,0,86,0.5117493271827698,0.47169744968414307,0.4917233884334564,0.514970064163208,1.0,0.014291299507021904,0.8717692494392395,0.8784626722335815,hare,86,True,Valid,Valid,Valid,Valid,Valid,Valid,Valid,Valid
guarded-burrow-20,10115,600,hare,0.2,400,25,15,76,45,19,,,25,0,70871,18763,196,97,397,60003,514,0,45,0.5051020383834839,0.7352513670921326,0.6201766729354858,0.10180995613336563,1.0,0.008566237986087799,0.17132475972175598,-0.10668864101171494,hare,45,True,Valid,Valid,Valid,Valid,Valid,Valid,Valid,Valid
guarded-burrow-20,10116,600,hare,0.2,400,25,15,714,1,0,,423,25,0,2430,630,66,43,7,2308,26,0,1,0.3484848439693451,0.7407407164573669,0.5446127653121948,0.125,1.0,0.011265164241194725,-0.2703639268875122,-0.6007511615753174,hare,1,True,Valid,Valid,Valid,Valid,Valid,Valid,Valid,Valid
guarded-burrow-20,10117,600,hare,0.2,400,25,15,56,169,12,,,25,0,65001,17444,169,83,321,53217,548,0,169,0.5088757276535034,0.7316349148750305,0.6202553510665894,0.34489795565605164,1.0,0.010297461412847042,1.4828344583511353,1.4479877948760986,hare,169,True,Valid,Valid,Valid,Valid,Valid,Valid,Valid,Valid
guarded-burrow-20,10118,600,hare,0.2,400,25,15,0,33,1,,,25,0,73998,1856,37,25,454,62349,487,0,33,0.3243243098258972,0.9749182462692261,0.6496212482452393,0.06776180863380432,1.0,0.0078108711168169975,0.06248696893453598,-0.22012999653816223,hare,33,True,Valid,Valid,Valid,Valid,Valid,Valid,Valid,Valid
guarded-burrow-20,10119,600,hare,0.2,400,25,15,556,117,23,,,25,0,26297,11930,328,155,58,21543,305,0,117,0.5274389982223511,0.5463360548019409,0.536887526512146,0.668571412563324,1.0,0.014157731086015701,1.302511215209961,1.5079700946807861,hare,117,True,Valid,Valid,Valid,Valid,Valid,Valid,Valid,Valid
